use crate::process::{self, Pid, ProcessState};
use crate::serial_println;
/// Init Process — /init startup and user-space process launcher
///
/// This module implements the /init process startup flow:
///   1. Load /init (or /sbin/init) from the initramfs/filesystem
///   2. Create a user-mode address space
///   3. Map ELF segments into user pages
///   4. Set up argv/envp/auxv on the user stack
///   5. Transition to ring 3 via iretq
///
/// If no real /init ELF is available, a built-in minimal init is used
/// that sets up the system and spawns a shell.
use alloc::string::String;
use alloc::vec::Vec;

/// Init process PID (always 1)
pub const INIT_PID: Pid = 1;

/// Paths to try for init in order
const INIT_PATHS: &[&str] = &["/init", "/sbin/init", "/bin/init", "/etc/init", "/bin/sh"];

/// Auxiliary vector entry types (for ELF)
#[repr(u64)]
#[derive(Debug, Clone, Copy)]
pub enum AuxvType {
    Null = 0,
    Phdr = 3,         // AT_PHDR — program headers address
    Phent = 4,        // AT_PHENT — program header entry size
    Phnum = 5,        // AT_PHNUM — number of program headers
    Pagesz = 6,       // AT_PAGESZ — system page size
    Base = 7,         // AT_BASE — interpreter base address
    Flags = 8,        // AT_FLAGS
    Entry = 9,        // AT_ENTRY — program entry point
    Uid = 11,         // AT_UID
    Euid = 12,        // AT_EUID
    Gid = 13,         // AT_GID
    Egid = 14,        // AT_EGID
    Platform = 15,    // AT_PLATFORM — "x86_64"
    Hwcap = 16,       // AT_HWCAP — hardware capabilities
    Clktck = 17,      // AT_CLKTCK — clock ticks per second
    Secure = 23,      // AT_SECURE — is suid/sgid?
    Random = 25,      // AT_RANDOM — address of 16 random bytes
    Hwcap2 = 26,      // AT_HWCAP2
    Execfn = 31,      // AT_EXECFN — filename of executed program
    SysinfoEhdr = 33, // AT_SYSINFO_EHDR — vDSO base address
}

/// Built-in minimal /init program (x86_64 machine code)
/// This is a tiny statically-linked ELF that:
///   1. Writes "KnoxOS init (PID 1) started\n" to stdout (syscall write)
///   2. Loops on wait4() so PID 1 never exits
///
/// Loaded at the Gate B2 high vaddr so it does not share L4[0] with kernel
/// identity maps (0x401000 is present-but-NX in cloned kernel tables).
fn builtin_init_elf() -> Vec<u8> {
    builtin_init_elf_data()
}

/// Public entry point for other modules to get the init ELF data
pub fn builtin_init_elf_data() -> Vec<u8> {
    // write(1, msg, 28); loop: wait4(-1); nanosleep(100ms); jmp loop
    build_static_user_elf(&[
        0x48, 0xC7, 0xC0, 0x01, 0x00, 0x00, 0x00, 0x48, 0xC7, 0xC7, 0x01, 0x00, 0x00, 0x00, 0x48,
        0x8D, 0x35, 0x37, 0x00, 0x00, 0x00, 0x48, 0xC7, 0xC2, 0x1C, 0x00, 0x00, 0x00, 0x0F, 0x05,
        0x48, 0xC7, 0xC0, 0x3D, 0x00, 0x00, 0x00, 0x48, 0xC7, 0xC7, 0xFF, 0xFF, 0xFF, 0xFF, 0x48,
        0x31, 0xF6, 0x48, 0x31, 0xD2, 0x4D, 0x31, 0xD2, 0x0F, 0x05, 0x48, 0xC7, 0xC0, 0x23, 0x00,
        0x00, 0x00, 0x48, 0x8D, 0x3D, 0x23, 0x00, 0x00, 0x00, 0x48, 0x31, 0xF6, 0x0F, 0x05, 0xEB,
        0xD2, b'K', b'n', b'o', b'x', b'O', b'S', b' ', b'i', b'n', b'i', b't', b' ', b'(', b'P',
        b'I', b'D', b' ', b'1', b')', b' ', b's', b't', b'a', b'r', b't', b'e', b'd', b'\n', 0x00,
        0x00, 0x00, 0x00, 0x00, 0x00, 0x00, 0x00, 0x00, 0xE1, 0xF5, 0x05, 0x00, 0x00, 0x00, 0x00,
    ])
}

/// Built-in Gate B2 hello: `write(1, "hello from userspace\n", 21)` then `exit(0)`.
///
/// Loaded at 512 GiB (L4 index 1) so it does not collide with the kernel's
/// own PT_LOAD at vaddr 0 (which occupies 0x401000 in the current CR3).
pub fn hello_userspace_elf_data() -> Vec<u8> {
    let entry_point: u64 = 0x0000_0080_0000_1000;
    let program_header_offset: u64 = 0x40;
    let mut elf = Vec::new();

    elf.extend_from_slice(&[0x7f, b'E', b'L', b'F']);
    elf.push(2); // ELFCLASS64
    elf.push(1); // ELFDATA2LSB
    elf.push(1); // EV_CURRENT
    elf.push(0);
    elf.extend_from_slice(&[0; 8]);
    elf.extend_from_slice(&2u16.to_le_bytes()); // ET_EXEC
    elf.extend_from_slice(&62u16.to_le_bytes()); // EM_X86_64
    elf.extend_from_slice(&1u32.to_le_bytes());
    elf.extend_from_slice(&entry_point.to_le_bytes());
    elf.extend_from_slice(&program_header_offset.to_le_bytes());
    elf.extend_from_slice(&0u64.to_le_bytes());
    elf.extend_from_slice(&0u32.to_le_bytes());
    elf.extend_from_slice(&64u16.to_le_bytes());
    elf.extend_from_slice(&56u16.to_le_bytes());
    elf.extend_from_slice(&1u16.to_le_bytes());
    elf.extend_from_slice(&0u16.to_le_bytes());
    elf.extend_from_slice(&0u16.to_le_bytes());
    elf.extend_from_slice(&0u16.to_le_bytes());

    let code_offset: u64 = 0x1000;
    let code_vaddr: u64 = 0x0000_0080_0000_1000;
    let code_size: u64 = 0x1000;

    elf.extend_from_slice(&1u32.to_le_bytes()); // PT_LOAD
    elf.extend_from_slice(&5u32.to_le_bytes()); // PF_R | PF_X
    elf.extend_from_slice(&code_offset.to_le_bytes());
    elf.extend_from_slice(&code_vaddr.to_le_bytes());
    elf.extend_from_slice(&code_vaddr.to_le_bytes());
    elf.extend_from_slice(&code_size.to_le_bytes());
    elf.extend_from_slice(&code_size.to_le_bytes());
    elf.extend_from_slice(&0x1000u64.to_le_bytes());

    elf.resize(code_offset as usize, 0);

    // write(1, msg, 21); exit(0);
    // lea rsi, [rip+0x15] — RIP after lea is +0x15, message is at +0x2A.
    let code: &[u8] = &[
        0x48, 0xC7, 0xC0, 0x01, 0x00, 0x00, 0x00, // mov rax, 1 (SYS_write)
        0x48, 0xC7, 0xC7, 0x01, 0x00, 0x00, 0x00, // mov rdi, 1 (stdout)
        0x48, 0x8D, 0x35, 0x15, 0x00, 0x00, 0x00, // lea rsi, [rip+0x15]
        0x48, 0xC7, 0xC2, 0x15, 0x00, 0x00, 0x00, // mov rdx, 21
        0x0F, 0x05, // syscall
        0x48, 0xC7, 0xC0, 0x3C, 0x00, 0x00, 0x00, // mov rax, 60 (SYS_exit)
        0x48, 0x31, 0xFF, // xor rdi, rdi
        0x0F, 0x05, // syscall
        b'h', b'e', b'l', b'l', b'o', b' ', b'f', b'r', b'o', b'm', b' ', b'u', b's', b'e', b'r',
        b's', b'p', b'a', b'c', b'e', b'\n',
    ];
    elf.extend_from_slice(code);
    elf.resize((code_offset + code_size) as usize, 0);
    elf
}

/// Pack `code` into a static ELF64 loaded at the Gate B2 vaddr (L4 index 1).
pub fn build_static_user_elf(code: &[u8]) -> Vec<u8> {
    let entry_point: u64 = 0x0000_0080_0000_1000;
    let program_header_offset: u64 = 0x40;
    let mut elf = Vec::new();

    elf.extend_from_slice(&[0x7f, b'E', b'L', b'F']);
    elf.push(2);
    elf.push(1);
    elf.push(1);
    elf.push(0);
    elf.extend_from_slice(&[0; 8]);
    elf.extend_from_slice(&2u16.to_le_bytes());
    elf.extend_from_slice(&62u16.to_le_bytes());
    elf.extend_from_slice(&1u32.to_le_bytes());
    elf.extend_from_slice(&entry_point.to_le_bytes());
    elf.extend_from_slice(&program_header_offset.to_le_bytes());
    elf.extend_from_slice(&0u64.to_le_bytes());
    elf.extend_from_slice(&0u32.to_le_bytes());
    elf.extend_from_slice(&64u16.to_le_bytes());
    elf.extend_from_slice(&56u16.to_le_bytes());
    elf.extend_from_slice(&1u16.to_le_bytes());
    elf.extend_from_slice(&0u16.to_le_bytes());
    elf.extend_from_slice(&0u16.to_le_bytes());
    elf.extend_from_slice(&0u16.to_le_bytes());

    let code_offset: u64 = 0x1000;
    let code_vaddr: u64 = 0x0000_0080_0000_1000;
    let code_size: u64 = 0x1000;

    elf.extend_from_slice(&1u32.to_le_bytes());
    elf.extend_from_slice(&5u32.to_le_bytes());
    elf.extend_from_slice(&code_offset.to_le_bytes());
    elf.extend_from_slice(&code_vaddr.to_le_bytes());
    elf.extend_from_slice(&code_vaddr.to_le_bytes());
    elf.extend_from_slice(&code_size.to_le_bytes());
    elf.extend_from_slice(&code_size.to_le_bytes());
    elf.extend_from_slice(&0x1000u64.to_le_bytes());

    elf.resize(code_offset as usize, 0);
    elf.extend_from_slice(code);
    elf.resize((code_offset + code_size) as usize, 0);
    elf
}

/// `execve("/bin/hello", NULL, NULL)` then `exit(1)` if execve returns.
pub fn exec_hello_elf_data() -> Vec<u8> {
    // lea rdi, [rip+path]; xor rsi,rsi; xor rdx,rdx; mov rax,59; syscall;
    // mov rax,60; mov rdi,1; syscall; "/bin/hello\0"
    build_static_user_elf(&[
        0x48, 0x8D, 0x3D, 0x1F, 0x00, 0x00, 0x00, // lea rdi, [rip+0x1F]
        0x48, 0x31, 0xF6, // xor rsi, rsi
        0x48, 0x31, 0xD2, // xor rdx, rdx
        0x48, 0xC7, 0xC0, 0x3B, 0x00, 0x00, 0x00, // mov rax, 59
        0x0F, 0x05, // syscall
        0x48, 0xC7, 0xC0, 0x3C, 0x00, 0x00, 0x00, // mov rax, 60
        0x48, 0xC7, 0xC7, 0x01, 0x00, 0x00, 0x00, // mov rdi, 1
        0x0F, 0x05, // syscall
        b'/', b'b', b'i', b'n', b'/', b'h', b'e', b'l', b'l', b'o', 0,
    ])
}

/// `fork`; child writes "fork child ran\n" and exits; parent `wait4`s then
/// writes `GATE_B4 fork complete\n`.
pub fn fork_userspace_elf_data() -> Vec<u8> {
    build_static_user_elf(&[
        0x48, 0xC7, 0xC0, 0x39, 0x00, 0x00, 0x00, // mov rax, 57
        0x0F, 0x05, // syscall
        0x48, 0x85, 0xC0, // test rax, rax
        0x75, 0x2A, // jnz parent (0x38)
        // child
        0x48, 0xC7, 0xC0, 0x01, 0x00, 0x00, 0x00, // mov rax, 1
        0x48, 0xC7, 0xC7, 0x01, 0x00, 0x00, 0x00, // mov rdi, 1
        0x48, 0x8D, 0x35, 0x54, 0x00, 0x00, 0x00, // lea rsi, [rip+0x54]
        0x48, 0xC7, 0xC2, 0x0F, 0x00, 0x00, 0x00, // mov rdx, 15
        0x0F, 0x05, // syscall
        0x48, 0xC7, 0xC0, 0x3C, 0x00, 0x00, 0x00, // mov rax, 60
        0x48, 0x31, 0xFF, // xor rdi, rdi
        0x0F, 0x05, // syscall
        // parent at 0x38
        0x48, 0x89, 0xC7, // mov rdi, rax
        0x48, 0x31, 0xF6, // xor rsi, rsi
        0x48, 0x31, 0xD2, // xor rdx, rdx
        0x4D, 0x31, 0xD2, // xor r10, r10
        0x48, 0xC7, 0xC0, 0x3D, 0x00, 0x00, 0x00, // mov rax, 61
        0x0F, 0x05, // syscall
        0x48, 0xC7, 0xC0, 0x01, 0x00, 0x00, 0x00, // mov rax, 1
        0x48, 0xC7, 0xC7, 0x01, 0x00, 0x00, 0x00, // mov rdi, 1
        0x48, 0x8D, 0x35, 0x24, 0x00, 0x00, 0x00, // lea rsi, [rip+0x24]
        0x48, 0xC7, 0xC2, 0x16, 0x00, 0x00, 0x00, // mov rdx, 22
        0x0F, 0x05, // syscall
        0x48, 0xC7, 0xC0, 0x3C, 0x00, 0x00, 0x00, // mov rax, 60
        0x48, 0x31, 0xFF, // xor rdi, rdi
        0x0F, 0x05, // syscall
        b'f', b'o', b'r', b'k', b' ', b'c', b'h', b'i', b'l', b'd', b' ', b'r', b'a', b'n', b'\n',
        b'G', b'A', b'T', b'E', b'_', b'B', b'4', b' ', b'f', b'o', b'r', b'k', b' ', b'c', b'o',
        b'm', b'p', b'l', b'e', b't', b'e', b'\n',
    ])
}

/// mmap a 16 KiB stack, `clone(CLONE_VM)`, child writes `thread child ran\n`,
/// parent `wait4`s then writes `GATE_J1 thread clone\n`.
pub fn clone_userspace_elf_data() -> Vec<u8> {
    build_static_user_elf(&[
        0x48, 0xC7, 0xC0, 0x09, 0x00, 0x00, 0x00, 0x48, 0x31, 0xFF, 0x48, 0xC7, 0xC6, 0x00, 0x40,
        0x00, 0x00, 0x48, 0xC7, 0xC2, 0x03, 0x00, 0x00, 0x00, 0x49, 0xC7, 0xC2, 0x22, 0x00, 0x00,
        0x00, 0x49, 0xC7, 0xC0, 0xFF, 0xFF, 0xFF, 0xFF, 0x4D, 0x31, 0xC9, 0x0F, 0x05, 0x48, 0x85,
        0xC0, 0x0F, 0x88, 0x8E, 0x00, 0x00, 0x00, 0x48, 0x8D, 0xB0, 0x00, 0x40, 0x00, 0x00, 0x48,
        0xC7, 0xC7, 0x00, 0x01, 0x00, 0x00, 0x48, 0x31, 0xD2, 0x4D, 0x31, 0xD2, 0x4D, 0x31, 0xC0,
        0x48, 0xC7, 0xC0, 0x38, 0x00, 0x00, 0x00, 0x0F, 0x05, 0x48, 0x85, 0xC0, 0x75, 0x2A, 0x48,
        0xC7, 0xC0, 0x01, 0x00, 0x00, 0x00, 0x48, 0xC7, 0xC7, 0x01, 0x00, 0x00, 0x00, 0x48, 0x8D,
        0x35, 0x64, 0x00, 0x00, 0x00, 0x48, 0xC7, 0xC2, 0x11, 0x00, 0x00, 0x00, 0x0F, 0x05, 0x48,
        0xC7, 0xC0, 0x3C, 0x00, 0x00, 0x00, 0x48, 0x31, 0xFF, 0x0F, 0x05, 0x48, 0x89, 0xC7, 0x48,
        0x31, 0xF6, 0x48, 0x31, 0xD2, 0x4D, 0x31, 0xD2, 0x48, 0xC7, 0xC0, 0x3D, 0x00, 0x00, 0x00,
        0x0F, 0x05, 0x48, 0xC7, 0xC0, 0x01, 0x00, 0x00, 0x00, 0x48, 0xC7, 0xC7, 0x01, 0x00, 0x00,
        0x00, 0x48, 0x8D, 0x35, 0x36, 0x00, 0x00, 0x00, 0x48, 0xC7, 0xC2, 0x15, 0x00, 0x00, 0x00,
        0x0F, 0x05, 0x48, 0xC7, 0xC0, 0x3C, 0x00, 0x00, 0x00, 0x48, 0x31, 0xFF, 0x0F, 0x05, 0x48,
        0xC7, 0xC0, 0x3C, 0x00, 0x00, 0x00, 0x48, 0xC7, 0xC7, 0x01, 0x00, 0x00, 0x00, 0x0F, 0x05,
        b't', b'h', b'r', b'e', b'a', b'd', b' ', b'c', b'h', b'i', b'l', b'd', b' ', b'r', b'a',
        b'n', b'\n', b'G', b'A', b'T', b'E', b'_', b'J', b'1', b' ', b't', b'h', b'r', b'e', b'a',
        b'd', b' ', b'c', b'l', b'o', b'n', b'e', b'\n',
    ])
}

/// mmap a stack, `clone(CLONE_VM|CLONE_THREAD)`, child `exit(42)`, parent
/// `thread_join`s then `wait4`s and writes `GATE_K1 thread join\n`.
pub fn clone_thread_userspace_elf_data() -> Vec<u8> {
    build_static_user_elf(&[
        0x48, 0xC7, 0xC0, 0x09, 0x00, 0x00, 0x00, 0x48, 0x31, 0xFF, 0x48, 0xC7, 0xC6, 0x00, 0x40,
        0x00, 0x00, 0x48, 0xC7, 0xC2, 0x03, 0x00, 0x00, 0x00, 0x49, 0xC7, 0xC2, 0x22, 0x00, 0x00,
        0x00, 0x49, 0xC7, 0xC0, 0xFF, 0xFF, 0xFF, 0xFF, 0x4D, 0x31, 0xC9, 0x0F, 0x05, 0x48, 0x85,
        0xC0, 0x0F, 0x88, 0xAC, 0x00, 0x00, 0x00, 0x48, 0x8D, 0xB0, 0x00, 0x40, 0x00, 0x00, 0x48,
        0xC7, 0xC7, 0x00, 0x01, 0x01, 0x00, 0x48, 0x31, 0xD2, 0x4D, 0x31, 0xD2, 0x4D, 0x31, 0xC0,
        0x48, 0xC7, 0xC0, 0x38, 0x00, 0x00, 0x00, 0x0F, 0x05, 0x48, 0x85, 0xC0, 0x75, 0x2E, 0x48,
        0xC7, 0xC0, 0x01, 0x00, 0x00, 0x00, 0x48, 0xC7, 0xC7, 0x01, 0x00, 0x00, 0x00, 0x48, 0x8D,
        0x35, 0x82, 0x00, 0x00, 0x00, 0x48, 0xC7, 0xC2, 0x11, 0x00, 0x00, 0x00, 0x0F, 0x05, 0x48,
        0xC7, 0xC0, 0x3C, 0x00, 0x00, 0x00, 0x48, 0xC7, 0xC7, 0x2A, 0x00, 0x00, 0x00, 0x0F, 0x05,
        0x49, 0x89, 0xC4, 0x4C, 0x89, 0xE7, 0x48, 0xC7, 0xC0, 0x02, 0x20, 0x00, 0x00, 0x0F, 0x05,
        0x48, 0x83, 0xF8, 0x2A, 0x75, 0x44, 0x4C, 0x89, 0xE7, 0x48, 0x31, 0xF6, 0x48, 0x31, 0xD2,
        0x4D, 0x31, 0xD2, 0x48, 0xC7, 0xC0, 0x3D, 0x00, 0x00, 0x00, 0x0F, 0x05, 0x48, 0x85, 0xC0,
        0x78, 0x2A, 0x48, 0xC7, 0xC0, 0x01, 0x00, 0x00, 0x00, 0x48, 0xC7, 0xC7, 0x01, 0x00, 0x00,
        0x00, 0x48, 0x8D, 0x35, 0x36, 0x00, 0x00, 0x00, 0x48, 0xC7, 0xC2, 0x14, 0x00, 0x00, 0x00,
        0x0F, 0x05, 0x48, 0xC7, 0xC0, 0x3C, 0x00, 0x00, 0x00, 0x48, 0x31, 0xFF, 0x0F, 0x05, 0x48,
        0xC7, 0xC0, 0x3C, 0x00, 0x00, 0x00, 0x48, 0xC7, 0xC7, 0x01, 0x00, 0x00, 0x00, 0x0F, 0x05,
        b't', b'h', b'r', b'e', b'a', b'd', b' ', b'c', b'h', b'i', b'l', b'd', b' ', b'r', b'a',
        b'n', b'\n', b'G', b'A', b'T', b'E', b'_', b'K', b'1', b' ', b't', b'h', b'r', b'e', b'a',
        b'd', b' ', b'j', b'o', b'i', b'n', b'\n',
    ])
}

/// `bpf(0, 0)` must return `-ENOSYS`; then write `GATE_J4 enosys\n`.
pub fn enosys_userspace_elf_data() -> Vec<u8> {
    build_static_user_elf(&[
        0x48, 0xC7, 0xC0, 0x41, 0x01, 0x00, 0x00, 0x48, 0x31, 0xFF, 0x48, 0x31, 0xF6, 0x0F, 0x05,
        0x48, 0x83, 0xF8, 0xDA, 0x75, 0x2A, 0x48, 0xC7, 0xC0, 0x01, 0x00, 0x00, 0x00, 0x48, 0xC7,
        0xC7, 0x01, 0x00, 0x00, 0x00, 0x48, 0x8D, 0x35, 0x25, 0x00, 0x00, 0x00, 0x48, 0xC7, 0xC2,
        0x0F, 0x00, 0x00, 0x00, 0x0F, 0x05, 0x48, 0xC7, 0xC0, 0x3C, 0x00, 0x00, 0x00, 0x48, 0x31,
        0xFF, 0x0F, 0x05, 0x48, 0xC7, 0xC0, 0x3C, 0x00, 0x00, 0x00, 0x48, 0xC7, 0xC7, 0x01, 0x00,
        0x00, 0x00, 0x0F, 0x05, b'G', b'A', b'T', b'E', b'_', b'J', b'4', b' ', b'e', b'n', b'o',
        b's', b'y', b's', b'\n',
    ])
}

/// `arch_prctl(ARCH_SET_FS)` then `%fs:0` must read the magic written at that base.
pub fn tls_userspace_elf_data() -> Vec<u8> {
    build_static_user_elf(&[
        0x48, 0x83, 0xEC, 0x10, 0x48, 0xC7, 0x04, 0x24, 0x4C, 0x31, 0x54, 0x4C, 0x48, 0xC7, 0xC7,
        0x02, 0x10, 0x00, 0x00, 0x48, 0x89, 0xE6, 0x48, 0xC7, 0xC0, 0x9E, 0x00, 0x00, 0x00, 0x0F,
        0x05, 0x64, 0x48, 0x8B, 0x04, 0x25, 0x00, 0x00, 0x00, 0x00, 0x48, 0x3D, 0x4C, 0x31, 0x54,
        0x4C, 0x75, 0x2A, 0x48, 0xC7, 0xC0, 0x01, 0x00, 0x00, 0x00, 0x48, 0xC7, 0xC7, 0x01, 0x00,
        0x00, 0x00, 0x48, 0x8D, 0x35, 0x25, 0x00, 0x00, 0x00, 0x48, 0xC7, 0xC2, 0x0E, 0x00, 0x00,
        0x00, 0x0F, 0x05, 0x48, 0xC7, 0xC0, 0x3C, 0x00, 0x00, 0x00, 0x48, 0x31, 0xFF, 0x0F, 0x05,
        0x48, 0xC7, 0xC0, 0x3C, 0x00, 0x00, 0x00, 0x48, 0xC7, 0xC7, 0x01, 0x00, 0x00, 0x00, 0x0F,
        0x05, b'G', b'A', b'T', b'E', b'_', b'L', b'1', b' ', b't', b'l', b's', b' ', b'f', b's',
        b'\n',
    ])
}

/// `quotactl(0, 0)` must return `-ENOSYS`; then write `GATE_L4 enosys\n`.
pub fn quotactl_enosys_elf_data() -> Vec<u8> {
    build_static_user_elf(&[
        0x48, 0xC7, 0xC0, 0xB3, 0x00, 0x00, 0x00, 0x48, 0x31, 0xFF, 0x48, 0x31, 0xF6, 0x0F, 0x05,
        0x48, 0x83, 0xF8, 0xDA, 0x75, 0x2A, 0x48, 0xC7, 0xC0, 0x01, 0x00, 0x00, 0x00, 0x48, 0xC7,
        0xC7, 0x01, 0x00, 0x00, 0x00, 0x48, 0x8D, 0x35, 0x25, 0x00, 0x00, 0x00, 0x48, 0xC7, 0xC2,
        0x0F, 0x00, 0x00, 0x00, 0x0F, 0x05, 0x48, 0xC7, 0xC0, 0x3C, 0x00, 0x00, 0x00, 0x48, 0x31,
        0xFF, 0x0F, 0x05, 0x48, 0xC7, 0xC0, 0x3C, 0x00, 0x00, 0x00, 0x48, 0xC7, 0xC7, 0x01, 0x00,
        0x00, 0x00, 0x0F, 0x05, b'G', b'A', b'T', b'E', b'_', b'L', b'4', b' ', b'e', b'n', b'o',
        b's', b'y', b's', b'\n',
    ])
}

/// `pipe()`, write `ping\n`, read it back, then write `GATE_M2 pipe\n`.
pub fn pipe_userspace_elf_data() -> Vec<u8> {
    build_static_user_elf(&[
        0x48, 0x83, 0xEC, 0x20, 0x48, 0x89, 0xE7, 0x48, 0xC7, 0xC0, 0x16, 0x00, 0x00, 0x00, 0x0F,
        0x05, 0x48, 0x85, 0xC0, 0x0F, 0x88, 0x65, 0x00, 0x00, 0x00, 0x8B, 0x7C, 0x24, 0x04, 0x48,
        0x8D, 0x35, 0x6A, 0x00, 0x00, 0x00, 0x48, 0xC7, 0xC2, 0x05, 0x00, 0x00, 0x00, 0x48, 0xC7,
        0xC0, 0x01, 0x00, 0x00, 0x00, 0x0F, 0x05, 0x48, 0x83, 0xF8, 0x05, 0x75, 0x44, 0x8B, 0x3C,
        0x24, 0x48, 0x8D, 0x74, 0x24, 0x08, 0x48, 0xC7, 0xC2, 0x05, 0x00, 0x00, 0x00, 0x48, 0x31,
        0xC0, 0x0F, 0x05, 0x48, 0x83, 0xF8, 0x05, 0x75, 0x2A, 0x48, 0xC7, 0xC0, 0x01, 0x00, 0x00,
        0x00, 0x48, 0xC7, 0xC7, 0x01, 0x00, 0x00, 0x00, 0x48, 0x8D, 0x35, 0x2A, 0x00, 0x00, 0x00,
        0x48, 0xC7, 0xC2, 0x0D, 0x00, 0x00, 0x00, 0x0F, 0x05, 0x48, 0xC7, 0xC0, 0x3C, 0x00, 0x00,
        0x00, 0x48, 0x31, 0xFF, 0x0F, 0x05, 0x48, 0xC7, 0xC0, 0x3C, 0x00, 0x00, 0x00, 0x48, 0xC7,
        0xC7, 0x01, 0x00, 0x00, 0x00, 0x0F, 0x05, b'p', b'i', b'n', b'g', b'\n', b'G', b'A', b'T',
        b'E', b'_', b'M', b'2', b' ', b'p', b'i', b'p', b'e', b'\n',
    ])
}

/// mmap, `clone(CLONE_VM)`, child `futex_wait`, parent `futex_wake` + `wait4`.
pub fn futex_userspace_elf_data() -> Vec<u8> {
    build_static_user_elf(&[
        0x48, 0xC7, 0xC0, 0x09, 0x00, 0x00, 0x00, 0x48, 0x31, 0xFF, 0x48, 0xC7, 0xC6, 0x00, 0x40,
        0x00, 0x00, 0x48, 0xC7, 0xC2, 0x03, 0x00, 0x00, 0x00, 0x49, 0xC7, 0xC2, 0x22, 0x00, 0x00,
        0x00, 0x49, 0xC7, 0xC0, 0xFF, 0xFF, 0xFF, 0xFF, 0x4D, 0x31, 0xC9, 0x0F, 0x05, 0x48, 0x85,
        0xC0, 0x0F, 0x88, 0xDA, 0x00, 0x00, 0x00, 0x48, 0x89, 0xC3, 0xC7, 0x00, 0x00, 0x00, 0x00,
        0x00, 0x48, 0x8D, 0xB0, 0x00, 0x40, 0x00, 0x00, 0x48, 0xC7, 0xC7, 0x00, 0x01, 0x00, 0x00,
        0x48, 0x31, 0xD2, 0x4D, 0x31, 0xD2, 0x4D, 0x31, 0xC0, 0x48, 0xC7, 0xC0, 0x38, 0x00, 0x00,
        0x00, 0x0F, 0x05, 0x48, 0x85, 0xC0, 0x75, 0x41, 0x48, 0x8D, 0xBC, 0x24, 0x00, 0xC0, 0xFF,
        0xFF, 0x48, 0x31, 0xF6, 0x48, 0x31, 0xD2, 0x48, 0xC7, 0xC0, 0xCA, 0x00, 0x00, 0x00, 0x0F,
        0x05, 0x48, 0xC7, 0xC0, 0x01, 0x00, 0x00, 0x00, 0x48, 0xC7, 0xC7, 0x01, 0x00, 0x00, 0x00,
        0x48, 0x8D, 0x35, 0x90, 0x00, 0x00, 0x00, 0x48, 0xC7, 0xC2, 0x10, 0x00, 0x00, 0x00, 0x0F,
        0x05, 0x48, 0xC7, 0xC0, 0x3C, 0x00, 0x00, 0x00, 0x48, 0x31, 0xFF, 0x0F, 0x05, 0x49, 0x89,
        0xC4, 0xC7, 0x03, 0x01, 0x00, 0x00, 0x00, 0x48, 0x89, 0xDF, 0x48, 0xC7, 0xC6, 0x01, 0x00,
        0x00, 0x00, 0x48, 0xC7, 0xC2, 0x01, 0x00, 0x00, 0x00, 0x48, 0xC7, 0xC0, 0xCA, 0x00, 0x00,
        0x00, 0x0F, 0x05, 0x4C, 0x89, 0xE7, 0x48, 0x31, 0xF6, 0x48, 0x31, 0xD2, 0x4D, 0x31, 0xD2,
        0x48, 0xC7, 0xC0, 0x3D, 0x00, 0x00, 0x00, 0x0F, 0x05, 0x48, 0x85, 0xC0, 0x0F, 0x88, 0x2A,
        0x00, 0x00, 0x00, 0x48, 0xC7, 0xC0, 0x01, 0x00, 0x00, 0x00, 0x48, 0xC7, 0xC7, 0x01, 0x00,
        0x00, 0x00, 0x48, 0x8D, 0x35, 0x35, 0x00, 0x00, 0x00, 0x48, 0xC7, 0xC2, 0x0E, 0x00, 0x00,
        0x00, 0x0F, 0x05, 0x48, 0xC7, 0xC0, 0x3C, 0x00, 0x00, 0x00, 0x48, 0x31, 0xFF, 0x0F, 0x05,
        0x48, 0xC7, 0xC0, 0x3C, 0x00, 0x00, 0x00, 0x48, 0xC7, 0xC7, 0x01, 0x00, 0x00, 0x00, 0x0F,
        0x05, b'f', b'u', b't', b'e', b'x', b' ', b'c', b'h', b'i', b'l', b'd', b' ', b'r', b'a',
        b'n', b'\n', b'G', b'A', b'T', b'E', b'_', b'M', b'3', b' ', b'f', b'u', b't', b'e', b'x',
        b'\n',
    ])
}

/// `io_uring_setup(0, 0)` must return `-ENOSYS`; then write `GATE_M4 enosys\n`.
pub fn io_uring_enosys_elf_data() -> Vec<u8> {
    build_static_user_elf(&[
        0x48, 0xC7, 0xC0, 0xA9, 0x01, 0x00, 0x00, 0x48, 0x31, 0xFF, 0x48, 0x31, 0xF6, 0x0F, 0x05,
        0x48, 0x83, 0xF8, 0xDA, 0x75, 0x2A, 0x48, 0xC7, 0xC0, 0x01, 0x00, 0x00, 0x00, 0x48, 0xC7,
        0xC7, 0x01, 0x00, 0x00, 0x00, 0x48, 0x8D, 0x35, 0x25, 0x00, 0x00, 0x00, 0x48, 0xC7, 0xC2,
        0x0F, 0x00, 0x00, 0x00, 0x0F, 0x05, 0x48, 0xC7, 0xC0, 0x3C, 0x00, 0x00, 0x00, 0x48, 0x31,
        0xFF, 0x0F, 0x05, 0x48, 0xC7, 0xC0, 0x3C, 0x00, 0x00, 0x00, 0x48, 0xC7, 0xC7, 0x01, 0x00,
        0x00, 0x00, 0x0F, 0x05, b'G', b'A', b'T', b'E', b'_', b'M', b'4', b' ', b'e', b'n', b'o',
        b's', b'y', b's', b'\n',
    ])
}

/// `socketpair(AF_UNIX)`, write `ping\n`, read it back, then write `GATE_N2 socketpair\n`.
pub fn socketpair_userspace_elf_data() -> Vec<u8> {
    build_static_user_elf(&[
        0x48, 0x83, 0xEC, 0x20, 0x48, 0xC7, 0xC7, 0x01, 0x00, 0x00, 0x00, 0x48, 0xC7, 0xC6, 0x01,
        0x00, 0x00, 0x00, 0x48, 0x31, 0xD2, 0x49, 0x89, 0xE2, 0x48, 0xC7, 0xC0, 0x35, 0x00, 0x00,
        0x00, 0x0F, 0x05, 0x48, 0x85, 0xC0, 0x0F, 0x88, 0x65, 0x00, 0x00, 0x00, 0x8B, 0x3C, 0x24,
        0x48, 0x8D, 0x35, 0x6B, 0x00, 0x00, 0x00, 0x48, 0xC7, 0xC2, 0x05, 0x00, 0x00, 0x00, 0x48,
        0xC7, 0xC0, 0x01, 0x00, 0x00, 0x00, 0x0F, 0x05, 0x48, 0x83, 0xF8, 0x05, 0x75, 0x45, 0x8B,
        0x7C, 0x24, 0x04, 0x48, 0x8D, 0x74, 0x24, 0x08, 0x48, 0xC7, 0xC2, 0x05, 0x00, 0x00, 0x00,
        0x48, 0x31, 0xC0, 0x0F, 0x05, 0x48, 0x83, 0xF8, 0x05, 0x75, 0x2A, 0x48, 0xC7, 0xC0, 0x01,
        0x00, 0x00, 0x00, 0x48, 0xC7, 0xC7, 0x01, 0x00, 0x00, 0x00, 0x48, 0x8D, 0x35, 0x2A, 0x00,
        0x00, 0x00, 0x48, 0xC7, 0xC2, 0x14, 0x00, 0x00, 0x00, 0x0F, 0x05, 0x48, 0xC7, 0xC0, 0x3C,
        0x00, 0x00, 0x00, 0x48, 0x31, 0xFF, 0x0F, 0x05, 0x48, 0xC7, 0xC0, 0x3C, 0x00, 0x00, 0x00,
        0x48, 0xC7, 0xC7, 0x01, 0x00, 0x00, 0x00, 0x0F, 0x05, b'p', b'i', b'n', b'g', b'\n', b'G',
        b'A', b'T', b'E', b'_', b'N', b'2', b' ', b's', b'o', b'c', b'k', b'e', b't', b'p', b'a',
        b'i', b'r', b'\n',
    ])
}

/// `eventfd2(0, 0)`, write 1, read it back, then write `GATE_N3 eventfd\n`.
pub fn eventfd_userspace_elf_data() -> Vec<u8> {
    build_static_user_elf(&[
        0x48, 0x83, 0xEC, 0x10, 0x48, 0x31, 0xFF, 0x48, 0x31, 0xF6, 0x48, 0xC7, 0xC0, 0x22, 0x01,
        0x00, 0x00, 0x0F, 0x05, 0x48, 0x85, 0xC0, 0x0F, 0x88, 0x70, 0x00, 0x00, 0x00, 0x89, 0xC3,
        0x48, 0xC7, 0x04, 0x24, 0x01, 0x00, 0x00, 0x00, 0x89, 0xDF, 0x48, 0x89, 0xE6, 0x48, 0xC7,
        0xC2, 0x08, 0x00, 0x00, 0x00, 0x48, 0xC7, 0xC0, 0x01, 0x00, 0x00, 0x00, 0x0F, 0x05, 0x48,
        0x83, 0xF8, 0x08, 0x75, 0x4B, 0x89, 0xDF, 0x48, 0x8D, 0x74, 0x24, 0x08, 0x48, 0xC7, 0xC2,
        0x08, 0x00, 0x00, 0x00, 0x48, 0x31, 0xC0, 0x0F, 0x05, 0x48, 0x83, 0xF8, 0x08, 0x75, 0x32,
        0x48, 0x83, 0x7C, 0x24, 0x08, 0x01, 0x75, 0x2A, 0x48, 0xC7, 0xC0, 0x01, 0x00, 0x00, 0x00,
        0x48, 0xC7, 0xC7, 0x01, 0x00, 0x00, 0x00, 0x48, 0x8D, 0x35, 0x25, 0x00, 0x00, 0x00, 0x48,
        0xC7, 0xC2, 0x10, 0x00, 0x00, 0x00, 0x0F, 0x05, 0x48, 0xC7, 0xC0, 0x3C, 0x00, 0x00, 0x00,
        0x48, 0x31, 0xFF, 0x0F, 0x05, 0x48, 0xC7, 0xC0, 0x3C, 0x00, 0x00, 0x00, 0x48, 0xC7, 0xC7,
        0x01, 0x00, 0x00, 0x00, 0x0F, 0x05, b'G', b'A', b'T', b'E', b'_', b'N', b'3', b' ', b'e',
        b'v', b'e', b'n', b't', b'f', b'd', b'\n',
    ])
}

/// `userfaultfd(0)` must return `-ENOSYS`; then write `GATE_N4 enosys\n`.
pub fn userfaultfd_enosys_elf_data() -> Vec<u8> {
    build_static_user_elf(&[
        0x48, 0xC7, 0xC0, 0x43, 0x01, 0x00, 0x00, 0x48, 0x31, 0xFF, 0x48, 0x31, 0xF6, 0x0F, 0x05,
        0x48, 0x83, 0xF8, 0xDA, 0x75, 0x2A, 0x48, 0xC7, 0xC0, 0x01, 0x00, 0x00, 0x00, 0x48, 0xC7,
        0xC7, 0x01, 0x00, 0x00, 0x00, 0x48, 0x8D, 0x35, 0x25, 0x00, 0x00, 0x00, 0x48, 0xC7, 0xC2,
        0x0F, 0x00, 0x00, 0x00, 0x0F, 0x05, 0x48, 0xC7, 0xC0, 0x3C, 0x00, 0x00, 0x00, 0x48, 0x31,
        0xFF, 0x0F, 0x05, 0x48, 0xC7, 0xC0, 0x3C, 0x00, 0x00, 0x00, 0x48, 0xC7, 0xC7, 0x01, 0x00,
        0x00, 0x00, 0x0F, 0x05, b'G', b'A', b'T', b'E', b'_', b'N', b'4', b' ', b'e', b'n', b'o',
        b's', b'y', b's', b'\n',
    ])
}

/// `pipe` + `epoll_create1` + `epoll_ctl(ADD)` + write + `epoll_wait` sees `EPOLLIN`.
pub fn epoll_userspace_elf_data() -> Vec<u8> {
    build_static_user_elf(&[
        0x48, 0x83, 0xEC, 0x40, 0x48, 0x89, 0xE7, 0x48, 0xC7, 0xC0, 0x16, 0x00, 0x00, 0x00, 0x0F,
        0x05, 0x48, 0x85, 0xC0, 0x0F, 0x88, 0xBD, 0x00, 0x00, 0x00, 0x48, 0x31, 0xFF, 0x48, 0xC7,
        0xC0, 0x23, 0x01, 0x00, 0x00, 0x0F, 0x05, 0x48, 0x85, 0xC0, 0x0F, 0x88, 0xA8, 0x00, 0x00,
        0x00, 0x89, 0xC3, 0xC7, 0x44, 0x24, 0x10, 0x01, 0x00, 0x00, 0x00, 0x48, 0xC7, 0x44, 0x24,
        0x14, 0x42, 0x42, 0x00, 0x00, 0x89, 0xDF, 0x48, 0xC7, 0xC6, 0x01, 0x00, 0x00, 0x00, 0x8B,
        0x14, 0x24, 0x4C, 0x8D, 0x54, 0x24, 0x10, 0x48, 0xC7, 0xC0, 0xE9, 0x00, 0x00, 0x00, 0x0F,
        0x05, 0x48, 0x85, 0xC0, 0x0F, 0x88, 0x72, 0x00, 0x00, 0x00, 0x8B, 0x7C, 0x24, 0x04, 0x48,
        0x8D, 0x35, 0x77, 0x00, 0x00, 0x00, 0x48, 0xC7, 0xC2, 0x01, 0x00, 0x00, 0x00, 0x48, 0xC7,
        0xC0, 0x01, 0x00, 0x00, 0x00, 0x0F, 0x05, 0x48, 0x83, 0xF8, 0x01, 0x75, 0x51, 0x89, 0xDF,
        0x48, 0x8D, 0x74, 0x24, 0x20, 0x48, 0xC7, 0xC2, 0x01, 0x00, 0x00, 0x00, 0x4D, 0x31, 0xD2,
        0x48, 0xC7, 0xC0, 0xE8, 0x00, 0x00, 0x00, 0x0F, 0x05, 0x48, 0x83, 0xF8, 0x01, 0x75, 0x31,
        0x83, 0x7C, 0x24, 0x20, 0x01, 0x75, 0x2A, 0x48, 0xC7, 0xC0, 0x01, 0x00, 0x00, 0x00, 0x48,
        0xC7, 0xC7, 0x01, 0x00, 0x00, 0x00, 0x48, 0x8D, 0x35, 0x26, 0x00, 0x00, 0x00, 0x48, 0xC7,
        0xC2, 0x0D, 0x00, 0x00, 0x00, 0x0F, 0x05, 0x48, 0xC7, 0xC0, 0x3C, 0x00, 0x00, 0x00, 0x48,
        0x31, 0xFF, 0x0F, 0x05, 0x48, 0xC7, 0xC0, 0x3C, 0x00, 0x00, 0x00, 0x48, 0xC7, 0xC7, 0x01,
        0x00, 0x00, 0x00, 0x0F, 0x05, b'x', b'G', b'A', b'T', b'E', b'_', b'O', b'2', b' ', b'e',
        b'p', b'o', b'l', b'l', b'\n',
    ])
}

/// `memfd_create`, write `ping\n`, `lseek` to 0, read it back, then write `GATE_O3 memfd\n`.
pub fn memfd_userspace_elf_data() -> Vec<u8> {
    build_static_user_elf(&[
        0x48, 0x83, 0xEC, 0x20, 0x48, 0x8D, 0x3D, 0x9E, 0x00, 0x00, 0x00, 0x48, 0x31, 0xF6, 0x48,
        0xC7, 0xC0, 0x3F, 0x01, 0x00, 0x00, 0x0F, 0x05, 0x48, 0x85, 0xC0, 0x0F, 0x88, 0x79, 0x00,
        0x00, 0x00, 0x89, 0xC3, 0x89, 0xDF, 0x48, 0x8D, 0x35, 0x81, 0x00, 0x00, 0x00, 0x48, 0xC7,
        0xC2, 0x05, 0x00, 0x00, 0x00, 0x48, 0xC7, 0xC0, 0x01, 0x00, 0x00, 0x00, 0x0F, 0x05, 0x48,
        0x83, 0xF8, 0x05, 0x75, 0x58, 0x89, 0xDF, 0x48, 0x31, 0xF6, 0x48, 0x31, 0xD2, 0x48, 0xC7,
        0xC0, 0x08, 0x00, 0x00, 0x00, 0x0F, 0x05, 0x89, 0xDF, 0x48, 0x89, 0xE6, 0x48, 0xC7, 0xC2,
        0x05, 0x00, 0x00, 0x00, 0x48, 0x31, 0xC0, 0x0F, 0x05, 0x48, 0x83, 0xF8, 0x05, 0x75, 0x30,
        0x80, 0x3C, 0x24, 0x70, 0x75, 0x2A, 0x48, 0xC7, 0xC0, 0x01, 0x00, 0x00, 0x00, 0x48, 0xC7,
        0xC7, 0x01, 0x00, 0x00, 0x00, 0x48, 0x8D, 0x35, 0x2D, 0x00, 0x00, 0x00, 0x48, 0xC7, 0xC2,
        0x0E, 0x00, 0x00, 0x00, 0x0F, 0x05, 0x48, 0xC7, 0xC0, 0x3C, 0x00, 0x00, 0x00, 0x48, 0x31,
        0xFF, 0x0F, 0x05, 0x48, 0xC7, 0xC0, 0x3C, 0x00, 0x00, 0x00, 0x48, 0xC7, 0xC7, 0x01, 0x00,
        0x00, 0x00, 0x0F, 0x05, b'o', b'3', 0x00, b'p', b'i', b'n', b'g', b'\n', b'G', b'A', b'T',
        b'E', b'_', b'O', b'3', b' ', b'm', b'e', b'm', b'f', b'd', b'\n',
    ])
}

/// `perf_event_open(0, 0)` must return `-ENOSYS`; then write `GATE_O4 enosys\n`.
pub fn perf_event_enosys_elf_data() -> Vec<u8> {
    build_static_user_elf(&[
        0x48, 0xC7, 0xC0, 0x2A, 0x01, 0x00, 0x00, 0x48, 0x31, 0xFF, 0x48, 0x31, 0xF6, 0x48, 0x31,
        0xD2, 0x4D, 0x31, 0xD2, 0x4D, 0x31, 0xC0, 0x0F, 0x05, 0x48, 0x83, 0xF8, 0xDA, 0x75, 0x2A,
        0x48, 0xC7, 0xC0, 0x01, 0x00, 0x00, 0x00, 0x48, 0xC7, 0xC7, 0x01, 0x00, 0x00, 0x00, 0x48,
        0x8D, 0x35, 0x25, 0x00, 0x00, 0x00, 0x48, 0xC7, 0xC2, 0x0F, 0x00, 0x00, 0x00, 0x0F, 0x05,
        0x48, 0xC7, 0xC0, 0x3C, 0x00, 0x00, 0x00, 0x48, 0x31, 0xFF, 0x0F, 0x05, 0x48, 0xC7, 0xC0,
        0x3C, 0x00, 0x00, 0x00, 0x48, 0xC7, 0xC7, 0x01, 0x00, 0x00, 0x00, 0x0F, 0x05, b'G', b'A',
        b'T', b'E', b'_', b'O', b'4', b' ', b'e', b'n', b'o', b's', b'y', b's', b'\n',
    ])
}

/// `timerfd_create` + `timerfd_settime` (1ns) + `read` expirations, then `GATE_P2 timerfd\n`.
pub fn timerfd_userspace_elf_data() -> Vec<u8> {
    build_static_user_elf(&[
        0x48, 0x83, 0xEC, 0x40, 0x48, 0xC7, 0xC7, 0x01, 0x00, 0x00, 0x00, 0x48, 0x31, 0xF6, 0x48,
        0xC7, 0xC0, 0x1B, 0x01, 0x00, 0x00, 0x0F, 0x05, 0x48, 0x85, 0xC0, 0x0F, 0x88, 0x89, 0x00,
        0x00, 0x00, 0x48, 0x89, 0xC3, 0x48, 0x31, 0xC0, 0x48, 0x89, 0x04, 0x24, 0x48, 0x89, 0x44,
        0x24, 0x08, 0x48, 0x89, 0x44, 0x24, 0x10, 0x48, 0x89, 0x44, 0x24, 0x18, 0x48, 0xC7, 0x44,
        0x24, 0x18, 0x01, 0x00, 0x00, 0x00, 0x48, 0x89, 0xDF, 0x48, 0x31, 0xF6, 0x48, 0x89, 0xE2,
        0x4D, 0x31, 0xD2, 0x48, 0xC7, 0xC0, 0x1E, 0x01, 0x00, 0x00, 0x0F, 0x05, 0x48, 0x85, 0xC0,
        0x0F, 0x88, 0x49, 0x00, 0x00, 0x00, 0x48, 0x89, 0xDF, 0x48, 0x89, 0xE6, 0x48, 0xC7, 0xC2,
        0x08, 0x00, 0x00, 0x00, 0x48, 0x31, 0xC0, 0x0F, 0x05, 0x48, 0x83, 0xF8, 0x08, 0x75, 0x31,
        0x48, 0x83, 0x3C, 0x24, 0x01, 0x72, 0x2A, 0x48, 0xC7, 0xC0, 0x01, 0x00, 0x00, 0x00, 0x48,
        0xC7, 0xC7, 0x01, 0x00, 0x00, 0x00, 0x48, 0x8D, 0x35, 0x25, 0x00, 0x00, 0x00, 0x48, 0xC7,
        0xC2, 0x10, 0x00, 0x00, 0x00, 0x0F, 0x05, 0x48, 0xC7, 0xC0, 0x3C, 0x00, 0x00, 0x00, 0x48,
        0x31, 0xFF, 0x0F, 0x05, 0x48, 0xC7, 0xC0, 0x3C, 0x00, 0x00, 0x00, 0x48, 0xC7, 0xC7, 0x01,
        0x00, 0x00, 0x00, 0x0F, 0x05, b'G', b'A', b'T', b'E', b'_', b'P', b'2', b' ', b't', b'i',
        b'm', b'e', b'r', b'f', b'd', b'\n',
    ])
}

/// `signalfd` for SIGUSR1, `kill(self, SIGUSR1)`, read signo, then `GATE_P3 signalfd\n`.
pub fn signalfd_userspace_elf_data() -> Vec<u8> {
    build_static_user_elf(&[
        0x48, 0x81, 0xEC, 0xA0, 0x00, 0x00, 0x00, 0x48, 0xC7, 0x04, 0x24, 0x00, 0x04, 0x00, 0x00,
        0x48, 0xC7, 0x44, 0x24, 0x04, 0x00, 0x00, 0x00, 0x00, 0x48, 0xC7, 0xC7, 0xFF, 0xFF, 0xFF,
        0xFF, 0x48, 0x89, 0xE6, 0x48, 0x31, 0xD2, 0x48, 0xC7, 0xC0, 0x1A, 0x01, 0x00, 0x00, 0x0F,
        0x05, 0x48, 0x85, 0xC0, 0x0F, 0x88, 0x73, 0x00, 0x00, 0x00, 0x48, 0x89, 0xC3, 0x48, 0xC7,
        0xC0, 0x27, 0x00, 0x00, 0x00, 0x0F, 0x05, 0x48, 0x89, 0xC7, 0x48, 0xC7, 0xC6, 0x0A, 0x00,
        0x00, 0x00, 0x48, 0xC7, 0xC0, 0x3E, 0x00, 0x00, 0x00, 0x0F, 0x05, 0x48, 0x85, 0xC0, 0x0F,
        0x88, 0x4B, 0x00, 0x00, 0x00, 0x48, 0x89, 0xDF, 0x48, 0x8D, 0x74, 0x24, 0x10, 0x48, 0xC7,
        0xC2, 0x80, 0x00, 0x00, 0x00, 0x48, 0x31, 0xC0, 0x0F, 0x05, 0x48, 0x83, 0xF8, 0x04, 0x7C,
        0x31, 0x83, 0x7C, 0x24, 0x10, 0x0A, 0x75, 0x2A, 0x48, 0xC7, 0xC0, 0x01, 0x00, 0x00, 0x00,
        0x48, 0xC7, 0xC7, 0x01, 0x00, 0x00, 0x00, 0x48, 0x8D, 0x35, 0x25, 0x00, 0x00, 0x00, 0x48,
        0xC7, 0xC2, 0x11, 0x00, 0x00, 0x00, 0x0F, 0x05, 0x48, 0xC7, 0xC0, 0x3C, 0x00, 0x00, 0x00,
        0x48, 0x31, 0xFF, 0x0F, 0x05, 0x48, 0xC7, 0xC0, 0x3C, 0x00, 0x00, 0x00, 0x48, 0xC7, 0xC7,
        0x01, 0x00, 0x00, 0x00, 0x0F, 0x05, b'G', b'A', b'T', b'E', b'_', b'P', b'3', b' ', b's',
        b'i', b'g', b'n', b'a', b'l', b'f', b'd', b'\n',
    ])
}

/// `fanotify_init(0, 0)` must return `-ENOSYS`; then write `GATE_P4 enosys\n`.
pub fn fanotify_enosys_elf_data() -> Vec<u8> {
    build_static_user_elf(&[
        0x48, 0xC7, 0xC0, 0x2C, 0x01, 0x00, 0x00, 0x48, 0x31, 0xFF, 0x48, 0x31, 0xF6, 0x0F, 0x05,
        0x48, 0x83, 0xF8, 0xDA, 0x75, 0x2A, 0x48, 0xC7, 0xC0, 0x01, 0x00, 0x00, 0x00, 0x48, 0xC7,
        0xC7, 0x01, 0x00, 0x00, 0x00, 0x48, 0x8D, 0x35, 0x25, 0x00, 0x00, 0x00, 0x48, 0xC7, 0xC2,
        0x0F, 0x00, 0x00, 0x00, 0x0F, 0x05, 0x48, 0xC7, 0xC0, 0x3C, 0x00, 0x00, 0x00, 0x48, 0x31,
        0xFF, 0x0F, 0x05, 0x48, 0xC7, 0xC0, 0x3C, 0x00, 0x00, 0x00, 0x48, 0xC7, 0xC7, 0x01, 0x00,
        0x00, 0x00, 0x0F, 0x05, b'G', b'A', b'T', b'E', b'_', b'P', b'4', b' ', b'e', b'n', b'o',
        b's', b'y', b's', b'\n',
    ])
}

/// `pipe` + `poll` idle, write, `poll` sees `POLLIN`, then `GATE_Q2 poll\n`.
pub fn poll_userspace_elf_data() -> Vec<u8> {
    build_static_user_elf(&[
        0x48, 0x83, 0xEC, 0x40, 0x48, 0x89, 0xE7, 0x48, 0xC7, 0xC0, 0x16, 0x00, 0x00, 0x00, 0x0F,
        0x05, 0x48, 0x85, 0xC0, 0x0F, 0x88, 0xA7, 0x00, 0x00, 0x00, 0x8B, 0x04, 0x24, 0x89, 0x44,
        0x24, 0x10, 0x66, 0xC7, 0x44, 0x24, 0x14, 0x01, 0x00, 0x66, 0xC7, 0x44, 0x24, 0x16, 0x00,
        0x00, 0x48, 0x8D, 0x7C, 0x24, 0x10, 0x48, 0xC7, 0xC6, 0x01, 0x00, 0x00, 0x00, 0x48, 0x31,
        0xD2, 0x48, 0xC7, 0xC0, 0x07, 0x00, 0x00, 0x00, 0x0F, 0x05, 0x48, 0x85, 0xC0, 0x0F, 0x85,
        0x71, 0x00, 0x00, 0x00, 0x8B, 0x7C, 0x24, 0x04, 0x48, 0x8D, 0x35, 0x76, 0x00, 0x00, 0x00,
        0x48, 0xC7, 0xC2, 0x01, 0x00, 0x00, 0x00, 0x48, 0xC7, 0xC0, 0x01, 0x00, 0x00, 0x00, 0x0F,
        0x05, 0x48, 0x83, 0xF8, 0x01, 0x75, 0x50, 0x48, 0x8D, 0x7C, 0x24, 0x10, 0x48, 0xC7, 0xC6,
        0x01, 0x00, 0x00, 0x00, 0x48, 0x31, 0xD2, 0x48, 0xC7, 0xC0, 0x07, 0x00, 0x00, 0x00, 0x0F,
        0x05, 0x48, 0x83, 0xF8, 0x01, 0x75, 0x32, 0x66, 0x83, 0x7C, 0x24, 0x16, 0x01, 0x75, 0x2A,
        0x48, 0xC7, 0xC0, 0x01, 0x00, 0x00, 0x00, 0x48, 0xC7, 0xC7, 0x01, 0x00, 0x00, 0x00, 0x48,
        0x8D, 0x35, 0x26, 0x00, 0x00, 0x00, 0x48, 0xC7, 0xC2, 0x0C, 0x00, 0x00, 0x00, 0x0F, 0x05,
        0x48, 0xC7, 0xC0, 0x3C, 0x00, 0x00, 0x00, 0x48, 0x31, 0xFF, 0x0F, 0x05, 0x48, 0xC7, 0xC0,
        0x3C, 0x00, 0x00, 0x00, 0x48, 0xC7, 0xC7, 0x01, 0x00, 0x00, 0x00, 0x0F, 0x05, b'x', b'G',
        b'A', b'T', b'E', b'_', b'Q', b'2', b' ', b'p', b'o', b'l', b'l', b'\n',
    ])
}

/// `inotify_init1` + `add_watch(/tmp)` + `open(O_CREAT)` + `read` event, then `GATE_Q3 inotify\n`.
pub fn inotify_userspace_elf_data() -> Vec<u8> {
    build_static_user_elf(&[
        0x48, 0x83, 0xEC, 0x50, 0x48, 0x31, 0xFF, 0x48, 0xC7, 0xC0, 0x26, 0x01, 0x00, 0x00, 0x0F,
        0x05, 0x48, 0x85, 0xC0, 0x0F, 0x88, 0x9C, 0x00, 0x00, 0x00, 0x48, 0x89, 0xC3, 0x48, 0x89,
        0xDF, 0x48, 0x8D, 0x35, 0x9F, 0x00, 0x00, 0x00, 0x48, 0xC7, 0xC2, 0x02, 0x01, 0x00, 0x00,
        0x48, 0xC7, 0xC0, 0xFE, 0x00, 0x00, 0x00, 0x0F, 0x05, 0x48, 0x85, 0xC0, 0x0F, 0x88, 0x76,
        0x00, 0x00, 0x00, 0x48, 0x8D, 0x3D, 0x84, 0x00, 0x00, 0x00, 0x48, 0xC7, 0xC6, 0x42, 0x00,
        0x00, 0x00, 0x48, 0xC7, 0xC2, 0xA4, 0x01, 0x00, 0x00, 0x48, 0xC7, 0xC0, 0x02, 0x00, 0x00,
        0x00, 0x0F, 0x05, 0x48, 0x85, 0xC0, 0x0F, 0x88, 0x4F, 0x00, 0x00, 0x00, 0x48, 0x89, 0xDF,
        0x48, 0x89, 0xE6, 0x48, 0xC7, 0xC2, 0x40, 0x00, 0x00, 0x00, 0x48, 0x31, 0xC0, 0x0F, 0x05,
        0x48, 0x83, 0xF8, 0x10, 0x7C, 0x37, 0x8B, 0x44, 0x24, 0x04, 0x25, 0x02, 0x01, 0x00, 0x00,
        0x85, 0xC0, 0x74, 0x2A, 0x48, 0xC7, 0xC0, 0x01, 0x00, 0x00, 0x00, 0x48, 0xC7, 0xC7, 0x01,
        0x00, 0x00, 0x00, 0x48, 0x8D, 0x35, 0x37, 0x00, 0x00, 0x00, 0x48, 0xC7, 0xC2, 0x10, 0x00,
        0x00, 0x00, 0x0F, 0x05, 0x48, 0xC7, 0xC0, 0x3C, 0x00, 0x00, 0x00, 0x48, 0x31, 0xFF, 0x0F,
        0x05, 0x48, 0xC7, 0xC0, 0x3C, 0x00, 0x00, 0x00, 0x48, 0xC7, 0xC7, 0x01, 0x00, 0x00, 0x00,
        0x0F, 0x05, b'/', b't', b'm', b'p', 0x00, b'/', b't', b'm', b'p', b'/', b'g', b'a', b't',
        b'e', b'_', b'q', b'3', 0x00, b'G', b'A', b'T', b'E', b'_', b'Q', b'3', b' ', b'i', b'n',
        b'o', b't', b'i', b'f', b'y', b'\n',
    ])
}

/// `io_setup(0, 0)` must return `-ENOSYS`; then write `GATE_Q4 enosys\n`.
pub fn io_setup_enosys_elf_data() -> Vec<u8> {
    build_static_user_elf(&[
        0x48, 0xC7, 0xC0, 0xCE, 0x00, 0x00, 0x00, 0x48, 0x31, 0xFF, 0x48, 0x31, 0xF6, 0x0F, 0x05,
        0x48, 0x83, 0xF8, 0xDA, 0x75, 0x2A, 0x48, 0xC7, 0xC0, 0x01, 0x00, 0x00, 0x00, 0x48, 0xC7,
        0xC7, 0x01, 0x00, 0x00, 0x00, 0x48, 0x8D, 0x35, 0x25, 0x00, 0x00, 0x00, 0x48, 0xC7, 0xC2,
        0x0F, 0x00, 0x00, 0x00, 0x0F, 0x05, 0x48, 0xC7, 0xC0, 0x3C, 0x00, 0x00, 0x00, 0x48, 0x31,
        0xFF, 0x0F, 0x05, 0x48, 0xC7, 0xC0, 0x3C, 0x00, 0x00, 0x00, 0x48, 0xC7, 0xC7, 0x01, 0x00,
        0x00, 0x00, 0x0F, 0x05, b'G', b'A', b'T', b'E', b'_', b'Q', b'4', b' ', b'e', b'n', b'o',
        b's', b'y', b's', b'\n',
    ])
}

/// Two pipes: write `x` into the first, `splice` into the second, read it back,
/// then `GATE_R2 splice\n`.
pub fn splice_userspace_elf_data() -> Vec<u8> {
    build_static_user_elf(&[
        0x48, 0x83, 0xEC, 0x40, 0x48, 0x89, 0xE7, 0x48, 0xC7, 0xC0, 0x16, 0x00, 0x00, 0x00, 0x0F,
        0x05, 0x48, 0x85, 0xC0, 0x0F, 0x88, 0xBA, 0x00, 0x00, 0x00, 0x48, 0x8D, 0x7C, 0x24, 0x08,
        0x48, 0xC7, 0xC0, 0x16, 0x00, 0x00, 0x00, 0x0F, 0x05, 0x48, 0x85, 0xC0, 0x0F, 0x88, 0xA3,
        0x00, 0x00, 0x00, 0x8B, 0x7C, 0x24, 0x04, 0x48, 0x8D, 0x35, 0xA8, 0x00, 0x00, 0x00, 0x48,
        0xC7, 0xC2, 0x01, 0x00, 0x00, 0x00, 0x48, 0xC7, 0xC0, 0x01, 0x00, 0x00, 0x00, 0x0F, 0x05,
        0x48, 0x83, 0xF8, 0x01, 0x0F, 0x85, 0x7E, 0x00, 0x00, 0x00, 0x8B, 0x3C, 0x24, 0x48, 0x31,
        0xF6, 0x8B, 0x54, 0x24, 0x0C, 0x4D, 0x31, 0xD2, 0x49, 0xC7, 0xC0, 0x01, 0x00, 0x00, 0x00,
        0x4D, 0x31, 0xC9, 0x48, 0xC7, 0xC0, 0x13, 0x01, 0x00, 0x00, 0x0F, 0x05, 0x48, 0x83, 0xF8,
        0x01, 0x0F, 0x85, 0x54, 0x00, 0x00, 0x00, 0x8B, 0x7C, 0x24, 0x08, 0x48, 0x8D, 0x74, 0x24,
        0x10, 0x48, 0xC7, 0xC2, 0x01, 0x00, 0x00, 0x00, 0x48, 0x31, 0xC0, 0x0F, 0x05, 0x48, 0x83,
        0xF8, 0x01, 0x0F, 0x85, 0x35, 0x00, 0x00, 0x00, 0x80, 0x7C, 0x24, 0x10, 0x78, 0x0F, 0x85,
        0x2A, 0x00, 0x00, 0x00, 0x48, 0xC7, 0xC0, 0x01, 0x00, 0x00, 0x00, 0x48, 0xC7, 0xC7, 0x01,
        0x00, 0x00, 0x00, 0x48, 0x8D, 0x35, 0x26, 0x00, 0x00, 0x00, 0x48, 0xC7, 0xC2, 0x0F, 0x00,
        0x00, 0x00, 0x0F, 0x05, 0x48, 0xC7, 0xC0, 0x3C, 0x00, 0x00, 0x00, 0x48, 0x31, 0xFF, 0x0F,
        0x05, 0x48, 0xC7, 0xC0, 0x3C, 0x00, 0x00, 0x00, 0x48, 0xC7, 0xC7, 0x01, 0x00, 0x00, 0x00,
        0x0F, 0x05, b'x', b'G', b'A', b'T', b'E', b'_', b'R', b'2', b' ', b's', b'p', b'l', b'i',
        b'c', b'e', b'\n',
    ])
}

/// `open(/tmp/gate_r3, O_RDWR|O_CREAT)` + `flock(LOCK_EX)` + `flock(LOCK_UN)`,
/// then `GATE_R3 flock\n`.
pub fn flock_userspace_elf_data() -> Vec<u8> {
    build_static_user_elf(&[
        0x48, 0x83, 0xEC, 0x20, 0x48, 0x8D, 0x3D, 0x95, 0x00, 0x00, 0x00, 0x48, 0xC7, 0xC6, 0x42,
        0x00, 0x00, 0x00, 0x48, 0xC7, 0xC2, 0xA4, 0x01, 0x00, 0x00, 0x48, 0xC7, 0xC0, 0x02, 0x00,
        0x00, 0x00, 0x0F, 0x05, 0x48, 0x85, 0xC0, 0x0F, 0x88, 0x65, 0x00, 0x00, 0x00, 0x48, 0x89,
        0xC3, 0x48, 0x89, 0xDF, 0x48, 0xC7, 0xC6, 0x02, 0x00, 0x00, 0x00, 0x48, 0xC7, 0xC0, 0x49,
        0x00, 0x00, 0x00, 0x0F, 0x05, 0x48, 0x85, 0xC0, 0x0F, 0x85, 0x46, 0x00, 0x00, 0x00, 0x48,
        0x89, 0xDF, 0x48, 0xC7, 0xC6, 0x08, 0x00, 0x00, 0x00, 0x48, 0xC7, 0xC0, 0x49, 0x00, 0x00,
        0x00, 0x0F, 0x05, 0x48, 0x85, 0xC0, 0x0F, 0x85, 0x2A, 0x00, 0x00, 0x00, 0x48, 0xC7, 0xC0,
        0x01, 0x00, 0x00, 0x00, 0x48, 0xC7, 0xC7, 0x01, 0x00, 0x00, 0x00, 0x48, 0x8D, 0x35, 0x32,
        0x00, 0x00, 0x00, 0x48, 0xC7, 0xC2, 0x0E, 0x00, 0x00, 0x00, 0x0F, 0x05, 0x48, 0xC7, 0xC0,
        0x3C, 0x00, 0x00, 0x00, 0x48, 0x31, 0xFF, 0x0F, 0x05, 0x48, 0xC7, 0xC0, 0x3C, 0x00, 0x00,
        0x00, 0x48, 0xC7, 0xC7, 0x01, 0x00, 0x00, 0x00, 0x0F, 0x05, b'/', b't', b'm', b'p', b'/',
        b'g', b'a', b't', b'e', b'_', b'r', b'3', 0x00, b'G', b'A', b'T', b'E', b'_', b'R', b'3',
        b' ', b'f', b'l', b'o', b'c', b'k', b'\n',
    ])
}

/// `kexec_load(0, 0)` must return `-ENOSYS`; then write `GATE_R4 enosys\n`.
pub fn kexec_enosys_elf_data() -> Vec<u8> {
    build_static_user_elf(&[
        0x48, 0xC7, 0xC0, 0xF6, 0x00, 0x00, 0x00, 0x48, 0x31, 0xFF, 0x48, 0x31, 0xF6, 0x0F, 0x05,
        0x48, 0x83, 0xF8, 0xDA, 0x75, 0x2A, 0x48, 0xC7, 0xC0, 0x01, 0x00, 0x00, 0x00, 0x48, 0xC7,
        0xC7, 0x01, 0x00, 0x00, 0x00, 0x48, 0x8D, 0x35, 0x25, 0x00, 0x00, 0x00, 0x48, 0xC7, 0xC2,
        0x0F, 0x00, 0x00, 0x00, 0x0F, 0x05, 0x48, 0xC7, 0xC0, 0x3C, 0x00, 0x00, 0x00, 0x48, 0x31,
        0xFF, 0x0F, 0x05, 0x48, 0xC7, 0xC0, 0x3C, 0x00, 0x00, 0x00, 0x48, 0xC7, 0xC7, 0x01, 0x00,
        0x00, 0x00, 0x0F, 0x05, b'G', b'A', b'T', b'E', b'_', b'R', b'4', b' ', b'e', b'n', b'o',
        b's', b'y', b's', b'\n',
    ])
}

/// `open(/tmp/gate_s2)` + write `x` + `lseek` + `pipe` + `sendfile` into the
/// pipe, read it back, then `GATE_S2 sendfile\n`.
pub fn sendfile_userspace_elf_data() -> Vec<u8> {
    build_static_user_elf(&[
        0x48, 0x83, 0xEC, 0x30, 0x48, 0x8D, 0x3D, 0xFE, 0x00, 0x00, 0x00, 0x48, 0xC7, 0xC6, 0x42,
        0x00, 0x00, 0x00, 0x48, 0xC7, 0xC2, 0xA4, 0x01, 0x00, 0x00, 0x48, 0xC7, 0xC0, 0x02, 0x00,
        0x00, 0x00, 0x0F, 0x05, 0x48, 0x85, 0xC0, 0x0F, 0x88, 0xCE, 0x00, 0x00, 0x00, 0x48, 0x89,
        0xC3, 0x48, 0x89, 0xDF, 0x48, 0x8D, 0x35, 0xDE, 0x00, 0x00, 0x00, 0x48, 0xC7, 0xC2, 0x01,
        0x00, 0x00, 0x00, 0x48, 0xC7, 0xC0, 0x01, 0x00, 0x00, 0x00, 0x0F, 0x05, 0x48, 0x83, 0xF8,
        0x01, 0x0F, 0x85, 0xA7, 0x00, 0x00, 0x00, 0x48, 0x89, 0xDF, 0x48, 0x31, 0xF6, 0x48, 0x31,
        0xD2, 0x48, 0xC7, 0xC0, 0x08, 0x00, 0x00, 0x00, 0x0F, 0x05, 0x48, 0x85, 0xC0, 0x0F, 0x85,
        0x8C, 0x00, 0x00, 0x00, 0x48, 0x89, 0xE7, 0x48, 0xC7, 0xC0, 0x16, 0x00, 0x00, 0x00, 0x0F,
        0x05, 0x48, 0x85, 0xC0, 0x0F, 0x88, 0x77, 0x00, 0x00, 0x00, 0x8B, 0x7C, 0x24, 0x04, 0x48,
        0x89, 0xDE, 0x48, 0x31, 0xD2, 0x49, 0xC7, 0xC2, 0x01, 0x00, 0x00, 0x00, 0x48, 0xC7, 0xC0,
        0x28, 0x00, 0x00, 0x00, 0x0F, 0x05, 0x48, 0x83, 0xF8, 0x01, 0x0F, 0x85, 0x53, 0x00, 0x00,
        0x00, 0x8B, 0x3C, 0x24, 0x48, 0x8D, 0x74, 0x24, 0x08, 0x48, 0xC7, 0xC2, 0x01, 0x00, 0x00,
        0x00, 0x48, 0x31, 0xC0, 0x0F, 0x05, 0x48, 0x83, 0xF8, 0x01, 0x0F, 0x85, 0x35, 0x00, 0x00,
        0x00, 0x80, 0x7C, 0x24, 0x08, 0x78, 0x0F, 0x85, 0x2A, 0x00, 0x00, 0x00, 0x48, 0xC7, 0xC0,
        0x01, 0x00, 0x00, 0x00, 0x48, 0xC7, 0xC7, 0x01, 0x00, 0x00, 0x00, 0x48, 0x8D, 0x35, 0x33,
        0x00, 0x00, 0x00, 0x48, 0xC7, 0xC2, 0x11, 0x00, 0x00, 0x00, 0x0F, 0x05, 0x48, 0xC7, 0xC0,
        0x3C, 0x00, 0x00, 0x00, 0x48, 0x31, 0xFF, 0x0F, 0x05, 0x48, 0xC7, 0xC0, 0x3C, 0x00, 0x00,
        0x00, 0x48, 0xC7, 0xC7, 0x01, 0x00, 0x00, 0x00, 0x0F, 0x05, b'/', b't', b'm', b'p', b'/',
        b'g', b'a', b't', b'e', b'_', b's', b'2', 0x00, b'x', b'G', b'A', b'T', b'E', b'_', b'S',
        b'2', b' ', b's', b'e', b'n', b'd', b'f', b'i', b'l', b'e', b'\n',
    ])
}

/// Two pipes: write `x` into the first, `tee` into the second without consuming,
/// read both, then `GATE_S3 tee\n`.
pub fn tee_userspace_elf_data() -> Vec<u8> {
    build_static_user_elf(&[
        0x48, 0x83, 0xEC, 0x40, 0x48, 0x89, 0xE7, 0x48, 0xC7, 0xC0, 0x16, 0x00, 0x00, 0x00, 0x0F,
        0x05, 0x48, 0x85, 0xC0, 0x0F, 0x88, 0xDD, 0x00, 0x00, 0x00, 0x48, 0x8D, 0x7C, 0x24, 0x08,
        0x48, 0xC7, 0xC0, 0x16, 0x00, 0x00, 0x00, 0x0F, 0x05, 0x48, 0x85, 0xC0, 0x0F, 0x88, 0xC6,
        0x00, 0x00, 0x00, 0x8B, 0x7C, 0x24, 0x04, 0x48, 0x8D, 0x35, 0xCB, 0x00, 0x00, 0x00, 0x48,
        0xC7, 0xC2, 0x01, 0x00, 0x00, 0x00, 0x48, 0xC7, 0xC0, 0x01, 0x00, 0x00, 0x00, 0x0F, 0x05,
        0x48, 0x83, 0xF8, 0x01, 0x0F, 0x85, 0xA1, 0x00, 0x00, 0x00, 0x8B, 0x3C, 0x24, 0x8B, 0x74,
        0x24, 0x0C, 0x48, 0xC7, 0xC2, 0x01, 0x00, 0x00, 0x00, 0x4D, 0x31, 0xD2, 0x48, 0xC7, 0xC0,
        0x14, 0x01, 0x00, 0x00, 0x0F, 0x05, 0x48, 0x83, 0xF8, 0x01, 0x0F, 0x85, 0x7D, 0x00, 0x00,
        0x00, 0x8B, 0x7C, 0x24, 0x08, 0x48, 0x8D, 0x74, 0x24, 0x10, 0x48, 0xC7, 0xC2, 0x01, 0x00,
        0x00, 0x00, 0x48, 0x31, 0xC0, 0x0F, 0x05, 0x48, 0x83, 0xF8, 0x01, 0x0F, 0x85, 0x5E, 0x00,
        0x00, 0x00, 0x80, 0x7C, 0x24, 0x10, 0x78, 0x0F, 0x85, 0x53, 0x00, 0x00, 0x00, 0x8B, 0x3C,
        0x24, 0x48, 0x8D, 0x74, 0x24, 0x11, 0x48, 0xC7, 0xC2, 0x01, 0x00, 0x00, 0x00, 0x48, 0x31,
        0xC0, 0x0F, 0x05, 0x48, 0x83, 0xF8, 0x01, 0x0F, 0x85, 0x35, 0x00, 0x00, 0x00, 0x80, 0x7C,
        0x24, 0x11, 0x78, 0x0F, 0x85, 0x2A, 0x00, 0x00, 0x00, 0x48, 0xC7, 0xC0, 0x01, 0x00, 0x00,
        0x00, 0x48, 0xC7, 0xC7, 0x01, 0x00, 0x00, 0x00, 0x48, 0x8D, 0x35, 0x26, 0x00, 0x00, 0x00,
        0x48, 0xC7, 0xC2, 0x0C, 0x00, 0x00, 0x00, 0x0F, 0x05, 0x48, 0xC7, 0xC0, 0x3C, 0x00, 0x00,
        0x00, 0x48, 0x31, 0xFF, 0x0F, 0x05, 0x48, 0xC7, 0xC0, 0x3C, 0x00, 0x00, 0x00, 0x48, 0xC7,
        0xC7, 0x01, 0x00, 0x00, 0x00, 0x0F, 0x05, b'x', b'G', b'A', b'T', b'E', b'_', b'S', b'3',
        b' ', b't', b'e', b'e', b'\n',
    ])
}

/// `init_module(0, 0)` must return `-ENOSYS`; then write `GATE_S4 enosys\n`.
pub fn init_module_enosys_elf_data() -> Vec<u8> {
    build_static_user_elf(&[
        0x48, 0xC7, 0xC0, 0xAF, 0x00, 0x00, 0x00, 0x48, 0x31, 0xFF, 0x48, 0x31, 0xF6, 0x0F, 0x05,
        0x48, 0x83, 0xF8, 0xDA, 0x75, 0x2A, 0x48, 0xC7, 0xC0, 0x01, 0x00, 0x00, 0x00, 0x48, 0xC7,
        0xC7, 0x01, 0x00, 0x00, 0x00, 0x48, 0x8D, 0x35, 0x25, 0x00, 0x00, 0x00, 0x48, 0xC7, 0xC2,
        0x0F, 0x00, 0x00, 0x00, 0x0F, 0x05, 0x48, 0xC7, 0xC0, 0x3C, 0x00, 0x00, 0x00, 0x48, 0x31,
        0xFF, 0x0F, 0x05, 0x48, 0xC7, 0xC0, 0x3C, 0x00, 0x00, 0x00, 0x48, 0xC7, 0xC7, 0x01, 0x00,
        0x00, 0x00, 0x0F, 0x05, b'G', b'A', b'T', b'E', b'_', b'S', b'4', b' ', b'e', b'n', b'o',
        b's', b'y', b's', b'\n',
    ])
}

/// `open` two files, write `x` into the first, `copy_file_range` into the
/// second, read it back, then `GATE_T2 copy_file_range\n`.
pub fn copy_file_range_userspace_elf_data() -> Vec<u8> {
    build_static_user_elf(&[
        0x48, 0x83, 0xEC, 0x30, 0x48, 0x8D, 0x3D, 0x31, 0x01, 0x00, 0x00, 0x48, 0xC7, 0xC6, 0x42,
        0x00, 0x00, 0x00, 0x48, 0xC7, 0xC2, 0xA4, 0x01, 0x00, 0x00, 0x48, 0xC7, 0xC0, 0x02, 0x00,
        0x00, 0x00, 0x0F, 0x05, 0x48, 0x85, 0xC0, 0x0F, 0x88, 0x01, 0x01, 0x00, 0x00, 0x48, 0x89,
        0xC3, 0x48, 0x89, 0xDF, 0x48, 0x8D, 0x35, 0x20, 0x01, 0x00, 0x00, 0x48, 0xC7, 0xC2, 0x01,
        0x00, 0x00, 0x00, 0x48, 0xC7, 0xC0, 0x01, 0x00, 0x00, 0x00, 0x0F, 0x05, 0x48, 0x83, 0xF8,
        0x01, 0x0F, 0x85, 0xDA, 0x00, 0x00, 0x00, 0x48, 0x89, 0xDF, 0x48, 0x31, 0xF6, 0x48, 0x31,
        0xD2, 0x48, 0xC7, 0xC0, 0x08, 0x00, 0x00, 0x00, 0x0F, 0x05, 0x48, 0x85, 0xC0, 0x0F, 0x85,
        0xBF, 0x00, 0x00, 0x00, 0x48, 0x8D, 0x3D, 0xD6, 0x00, 0x00, 0x00, 0x48, 0xC7, 0xC6, 0x42,
        0x00, 0x00, 0x00, 0x48, 0xC7, 0xC2, 0xA4, 0x01, 0x00, 0x00, 0x48, 0xC7, 0xC0, 0x02, 0x00,
        0x00, 0x00, 0x0F, 0x05, 0x48, 0x85, 0xC0, 0x0F, 0x88, 0x98, 0x00, 0x00, 0x00, 0x49, 0x89,
        0xC4, 0x48, 0x89, 0xDF, 0x48, 0x31, 0xF6, 0x4C, 0x89, 0xE2, 0x4D, 0x31, 0xD2, 0x49, 0xC7,
        0xC0, 0x01, 0x00, 0x00, 0x00, 0x4D, 0x31, 0xC9, 0x48, 0xC7, 0xC0, 0x46, 0x01, 0x00, 0x00,
        0x0F, 0x05, 0x48, 0x83, 0xF8, 0x01, 0x0F, 0x85, 0x6C, 0x00, 0x00, 0x00, 0x4C, 0x89, 0xE7,
        0x48, 0x31, 0xF6, 0x48, 0x31, 0xD2, 0x48, 0xC7, 0xC0, 0x08, 0x00, 0x00, 0x00, 0x0F, 0x05,
        0x48, 0x85, 0xC0, 0x0F, 0x85, 0x51, 0x00, 0x00, 0x00, 0x4C, 0x89, 0xE7, 0x48, 0x8D, 0x34,
        0x24, 0x48, 0xC7, 0xC2, 0x01, 0x00, 0x00, 0x00, 0x48, 0x31, 0xC0, 0x0F, 0x05, 0x48, 0x83,
        0xF8, 0x01, 0x0F, 0x85, 0x34, 0x00, 0x00, 0x00, 0x80, 0x3C, 0x24, 0x78, 0x0F, 0x85, 0x2A,
        0x00, 0x00, 0x00, 0x48, 0xC7, 0xC0, 0x01, 0x00, 0x00, 0x00, 0x48, 0xC7, 0xC7, 0x01, 0x00,
        0x00, 0x00, 0x48, 0x8D, 0x35, 0x42, 0x00, 0x00, 0x00, 0x48, 0xC7, 0xC2, 0x18, 0x00, 0x00,
        0x00, 0x0F, 0x05, 0x48, 0xC7, 0xC0, 0x3C, 0x00, 0x00, 0x00, 0x48, 0x31, 0xFF, 0x0F, 0x05,
        0x48, 0xC7, 0xC0, 0x3C, 0x00, 0x00, 0x00, 0x48, 0xC7, 0xC7, 0x01, 0x00, 0x00, 0x00, 0x0F,
        0x05, b'/', b't', b'm', b'p', b'/', b'g', b'a', b't', b'e', b'_', b't', b'2', b'i', 0x00,
        b'/', b't', b'm', b'p', b'/', b'g', b'a', b't', b'e', b'_', b't', b'2', b'o', 0x00, b'x',
        b'G', b'A', b'T', b'E', b'_', b'T', b'2', b' ', b'c', b'o', b'p', b'y', b'_', b'f', b'i',
        b'l', b'e', b'_', b'r', b'a', b'n', b'g', b'e', b'\n',
    ])
}

/// `open` a file, write `x`, `setxattr`/`getxattr` `user.knox`, then
/// `GATE_U2 xattr\n`.
pub fn xattr_userspace_elf_data() -> Vec<u8> {
    build_static_user_elf(&[
        0x48, 0x83, 0xEC, 0x20, 0x48, 0x8D, 0x3D, 0xE8, 0x00, 0x00, 0x00, 0x48, 0xC7, 0xC6, 0x42,
        0x00, 0x00, 0x00, 0x48, 0xC7, 0xC2, 0xA4, 0x01, 0x00, 0x00, 0x48, 0xC7, 0xC0, 0x02, 0x00,
        0x00, 0x00, 0x0F, 0x05, 0x48, 0x85, 0xC0, 0x0F, 0x88, 0xB8, 0x00, 0x00, 0x00, 0x48, 0x89,
        0xC3, 0x48, 0x89, 0xDF, 0x48, 0x8D, 0x35, 0xD2, 0x00, 0x00, 0x00, 0x48, 0xC7, 0xC2, 0x01,
        0x00, 0x00, 0x00, 0x48, 0xC7, 0xC0, 0x01, 0x00, 0x00, 0x00, 0x0F, 0x05, 0x48, 0x83, 0xF8,
        0x01, 0x0F, 0x85, 0x91, 0x00, 0x00, 0x00, 0x48, 0x8D, 0x3D, 0x9A, 0x00, 0x00, 0x00, 0x48,
        0x8D, 0x35, 0xA0, 0x00, 0x00, 0x00, 0x48, 0x8D, 0x15, 0xA3, 0x00, 0x00, 0x00, 0x49, 0xC7,
        0xC2, 0x01, 0x00, 0x00, 0x00, 0x4D, 0x31, 0xC0, 0x48, 0xC7, 0xC0, 0xBC, 0x00, 0x00, 0x00,
        0x0F, 0x05, 0x48, 0x85, 0xC0, 0x0F, 0x85, 0x60, 0x00, 0x00, 0x00, 0x48, 0x8D, 0x3D, 0x69,
        0x00, 0x00, 0x00, 0x48, 0x8D, 0x35, 0x6F, 0x00, 0x00, 0x00, 0x48, 0x8D, 0x14, 0x24, 0x49,
        0xC7, 0xC2, 0x10, 0x00, 0x00, 0x00, 0x48, 0xC7, 0xC0, 0xBF, 0x00, 0x00, 0x00, 0x0F, 0x05,
        0x48, 0x83, 0xF8, 0x01, 0x0F, 0x85, 0x34, 0x00, 0x00, 0x00, 0x80, 0x3C, 0x24, 0x78, 0x0F,
        0x85, 0x2A, 0x00, 0x00, 0x00, 0x48, 0xC7, 0xC0, 0x01, 0x00, 0x00, 0x00, 0x48, 0xC7, 0xC7,
        0x01, 0x00, 0x00, 0x00, 0x48, 0x8D, 0x35, 0x3D, 0x00, 0x00, 0x00, 0x48, 0xC7, 0xC2, 0x0E,
        0x00, 0x00, 0x00, 0x0F, 0x05, 0x48, 0xC7, 0xC0, 0x3C, 0x00, 0x00, 0x00, 0x48, 0x31, 0xFF,
        0x0F, 0x05, 0x48, 0xC7, 0xC0, 0x3C, 0x00, 0x00, 0x00, 0x48, 0xC7, 0xC7, 0x01, 0x00, 0x00,
        0x00, 0x0F, 0x05, b'/', b't', b'm', b'p', b'/', b'g', b'a', b't', b'e', b'_', b'u', b'2',
        0x00, b'u', b's', b'e', b'r', b'.', b'k', b'n', b'o', b'x', 0x00, b'x', b'G', b'A', b'T',
        b'E', b'_', b'U', b'2', b' ', b'x', b'a', b't', b't', b'r', b'\n',
    ])
}

/// `open` a file, write `x`, `statx` and check `stx_size == 1`, then
/// `GATE_U3 statx\n`.
pub fn statx_userspace_elf_data() -> Vec<u8> {
    build_static_user_elf(&[
        0x48, 0x81, 0xEC, 0x20, 0x01, 0x00, 0x00, 0x48, 0x8D, 0x3D, 0xBA, 0x00, 0x00, 0x00, 0x48,
        0xC7, 0xC6, 0x42, 0x00, 0x00, 0x00, 0x48, 0xC7, 0xC2, 0xA4, 0x01, 0x00, 0x00, 0x48, 0xC7,
        0xC0, 0x02, 0x00, 0x00, 0x00, 0x0F, 0x05, 0x48, 0x85, 0xC0, 0x0F, 0x88, 0x8A, 0x00, 0x00,
        0x00, 0x48, 0x89, 0xC3, 0x48, 0x89, 0xDF, 0x48, 0x8D, 0x35, 0x9A, 0x00, 0x00, 0x00, 0x48,
        0xC7, 0xC2, 0x01, 0x00, 0x00, 0x00, 0x48, 0xC7, 0xC0, 0x01, 0x00, 0x00, 0x00, 0x0F, 0x05,
        0x48, 0x83, 0xF8, 0x01, 0x0F, 0x85, 0x63, 0x00, 0x00, 0x00, 0x48, 0xC7, 0xC7, 0x9C, 0xFF,
        0xFF, 0xFF, 0x48, 0x8D, 0x35, 0x65, 0x00, 0x00, 0x00, 0x48, 0x31, 0xD2, 0x49, 0xC7, 0xC2,
        0xFF, 0x07, 0x00, 0x00, 0x49, 0x89, 0xE0, 0x48, 0xC7, 0xC0, 0x4C, 0x01, 0x00, 0x00, 0x0F,
        0x05, 0x48, 0x85, 0xC0, 0x0F, 0x85, 0x36, 0x00, 0x00, 0x00, 0x48, 0x83, 0x7C, 0x24, 0x28,
        0x01, 0x0F, 0x85, 0x2A, 0x00, 0x00, 0x00, 0x48, 0xC7, 0xC0, 0x01, 0x00, 0x00, 0x00, 0x48,
        0xC7, 0xC7, 0x01, 0x00, 0x00, 0x00, 0x48, 0x8D, 0x35, 0x33, 0x00, 0x00, 0x00, 0x48, 0xC7,
        0xC2, 0x0E, 0x00, 0x00, 0x00, 0x0F, 0x05, 0x48, 0xC7, 0xC0, 0x3C, 0x00, 0x00, 0x00, 0x48,
        0x31, 0xFF, 0x0F, 0x05, 0x48, 0xC7, 0xC0, 0x3C, 0x00, 0x00, 0x00, 0x48, 0xC7, 0xC7, 0x01,
        0x00, 0x00, 0x00, 0x0F, 0x05, b'/', b't', b'm', b'p', b'/', b'g', b'a', b't', b'e', b'_',
        b'u', b'3', 0x00, b'x', b'G', b'A', b'T', b'E', b'_', b'U', b'3', b' ', b's', b't', b'a',
        b't', b'x', b'\n',
    ])
}

/// `fsopen(0, 0)` must return `-ENOSYS`; then write `GATE_U4 enosys\n`.
pub fn fsopen_enosys_elf_data() -> Vec<u8> {
    build_static_user_elf(&[
        0x48, 0xC7, 0xC0, 0xAE, 0x01, 0x00, 0x00, 0x48, 0x31, 0xFF, 0x48, 0x31, 0xF6, 0x0F, 0x05,
        0x48, 0x83, 0xF8, 0xDA, 0x75, 0x2A, 0x48, 0xC7, 0xC0, 0x01, 0x00, 0x00, 0x00, 0x48, 0xC7,
        0xC7, 0x01, 0x00, 0x00, 0x00, 0x48, 0x8D, 0x35, 0x25, 0x00, 0x00, 0x00, 0x48, 0xC7, 0xC2,
        0x0F, 0x00, 0x00, 0x00, 0x0F, 0x05, 0x48, 0xC7, 0xC0, 0x3C, 0x00, 0x00, 0x00, 0x48, 0x31,
        0xFF, 0x0F, 0x05, 0x48, 0xC7, 0xC0, 0x3C, 0x00, 0x00, 0x00, 0x48, 0xC7, 0xC7, 0x01, 0x00,
        0x00, 0x00, 0x0F, 0x05, b'G', b'A', b'T', b'E', b'_', b'U', b'4', b' ', b'e', b'n', b'o',
        b's', b'y', b's', b'\n',
    ])
}

/// `open` a file, `fallocate` 8 bytes, `statx` `stx_size == 8`, then
/// `GATE_V2 fallocate\n`.
pub fn fallocate_userspace_elf_data() -> Vec<u8> {
    build_static_user_elf(&[
        0x48, 0x81, 0xEC, 0x20, 0x01, 0x00, 0x00, 0x48, 0x8D, 0x3D, 0xB8, 0x00, 0x00, 0x00, 0x48,
        0xC7, 0xC6, 0x42, 0x00, 0x00, 0x00, 0x48, 0xC7, 0xC2, 0xA4, 0x01, 0x00, 0x00, 0x48, 0xC7,
        0xC0, 0x02, 0x00, 0x00, 0x00, 0x0F, 0x05, 0x48, 0x85, 0xC0, 0x0F, 0x88, 0x88, 0x00, 0x00,
        0x00, 0x48, 0x89, 0xC3, 0x48, 0x89, 0xDF, 0x48, 0x31, 0xF6, 0x48, 0x31, 0xD2, 0x49, 0xC7,
        0xC2, 0x08, 0x00, 0x00, 0x00, 0x48, 0xC7, 0xC0, 0x1D, 0x01, 0x00, 0x00, 0x0F, 0x05, 0x48,
        0x85, 0xC0, 0x0F, 0x85, 0x63, 0x00, 0x00, 0x00, 0x48, 0xC7, 0xC7, 0x9C, 0xFF, 0xFF, 0xFF,
        0x48, 0x8D, 0x35, 0x65, 0x00, 0x00, 0x00, 0x48, 0x31, 0xD2, 0x49, 0xC7, 0xC2, 0xFF, 0x07,
        0x00, 0x00, 0x49, 0x89, 0xE0, 0x48, 0xC7, 0xC0, 0x4C, 0x01, 0x00, 0x00, 0x0F, 0x05, 0x48,
        0x85, 0xC0, 0x0F, 0x85, 0x36, 0x00, 0x00, 0x00, 0x48, 0x83, 0x7C, 0x24, 0x28, 0x08, 0x0F,
        0x85, 0x2A, 0x00, 0x00, 0x00, 0x48, 0xC7, 0xC0, 0x01, 0x00, 0x00, 0x00, 0x48, 0xC7, 0xC7,
        0x01, 0x00, 0x00, 0x00, 0x48, 0x8D, 0x35, 0x32, 0x00, 0x00, 0x00, 0x48, 0xC7, 0xC2, 0x12,
        0x00, 0x00, 0x00, 0x0F, 0x05, 0x48, 0xC7, 0xC0, 0x3C, 0x00, 0x00, 0x00, 0x48, 0x31, 0xFF,
        0x0F, 0x05, 0x48, 0xC7, 0xC0, 0x3C, 0x00, 0x00, 0x00, 0x48, 0xC7, 0xC7, 0x01, 0x00, 0x00,
        0x00, 0x0F, 0x05, b'/', b't', b'm', b'p', b'/', b'g', b'a', b't', b'e', b'_', b'v', b'2',
        0x00, b'G', b'A', b'T', b'E', b'_', b'V', b'2', b' ', b'f', b'a', b'l', b'l', b'o', b'c',
        b'a', b't', b'e', b'\n',
    ])
}

/// `open` a file, `utimensat` mtime 123456789, `statx` checks it, then
/// `GATE_V3 utimensat\n`.
pub fn utimensat_userspace_elf_data() -> Vec<u8> {
    build_static_user_elf(&[
        0x48, 0x81, 0xEC, 0x20, 0x01, 0x00, 0x00, 0x48, 0x8D, 0x3D, 0xEF, 0x00, 0x00, 0x00, 0x48,
        0xC7, 0xC6, 0x42, 0x00, 0x00, 0x00, 0x48, 0xC7, 0xC2, 0xA4, 0x01, 0x00, 0x00, 0x48, 0xC7,
        0xC0, 0x02, 0x00, 0x00, 0x00, 0x0F, 0x05, 0x48, 0x85, 0xC0, 0x0F, 0x88, 0xBF, 0x00, 0x00,
        0x00, 0x48, 0x89, 0xC3, 0x48, 0xB8, 0x15, 0xCD, 0x5B, 0x07, 0x00, 0x00, 0x00, 0x00, 0x48,
        0x89, 0x04, 0x24, 0x48, 0xC7, 0x44, 0x24, 0x08, 0x00, 0x00, 0x00, 0x00, 0x48, 0x89, 0x44,
        0x24, 0x10, 0x48, 0xC7, 0x44, 0x24, 0x18, 0x00, 0x00, 0x00, 0x00, 0x48, 0xC7, 0xC7, 0x9C,
        0xFF, 0xFF, 0xFF, 0x48, 0x8D, 0x35, 0x99, 0x00, 0x00, 0x00, 0x48, 0x89, 0xE2, 0x4D, 0x31,
        0xD2, 0x48, 0xC7, 0xC0, 0x18, 0x01, 0x00, 0x00, 0x0F, 0x05, 0x48, 0x85, 0xC0, 0x0F, 0x85,
        0x71, 0x00, 0x00, 0x00, 0x48, 0xC7, 0xC7, 0x9C, 0xFF, 0xFF, 0xFF, 0x48, 0x8D, 0x35, 0x73,
        0x00, 0x00, 0x00, 0x48, 0x31, 0xD2, 0x49, 0xC7, 0xC2, 0xFF, 0x07, 0x00, 0x00, 0x4C, 0x8D,
        0x44, 0x24, 0x40, 0x48, 0xC7, 0xC0, 0x4C, 0x01, 0x00, 0x00, 0x0F, 0x05, 0x48, 0x85, 0xC0,
        0x0F, 0x85, 0x42, 0x00, 0x00, 0x00, 0x48, 0xB8, 0x15, 0xCD, 0x5B, 0x07, 0x00, 0x00, 0x00,
        0x00, 0x48, 0x3B, 0x84, 0x24, 0xB0, 0x00, 0x00, 0x00, 0x0F, 0x85, 0x2A, 0x00, 0x00, 0x00,
        0x48, 0xC7, 0xC0, 0x01, 0x00, 0x00, 0x00, 0x48, 0xC7, 0xC7, 0x01, 0x00, 0x00, 0x00, 0x48,
        0x8D, 0x35, 0x32, 0x00, 0x00, 0x00, 0x48, 0xC7, 0xC2, 0x12, 0x00, 0x00, 0x00, 0x0F, 0x05,
        0x48, 0xC7, 0xC0, 0x3C, 0x00, 0x00, 0x00, 0x48, 0x31, 0xFF, 0x0F, 0x05, 0x48, 0xC7, 0xC0,
        0x3C, 0x00, 0x00, 0x00, 0x48, 0xC7, 0xC7, 0x01, 0x00, 0x00, 0x00, 0x0F, 0x05, b'/', b't',
        b'm', b'p', b'/', b'g', b'a', b't', b'e', b'_', b'v', b'3', 0x00, b'G', b'A', b'T', b'E',
        b'_', b'V', b'3', b' ', b'u', b't', b'i', b'm', b'e', b'n', b's', b'a', b't', b'\n',
    ])
}

/// `umask(077)` then `open(O_CREAT, 0666)`; `statx` `stx_mode == 0100600`;
/// then `GATE_W2 umask\n`.
pub fn umask_userspace_elf_data() -> Vec<u8> {
    build_static_user_elf(&[
        0x48, 0xC7, 0xC0, 0x5F, 0x00, 0x00, 0x00, 0x48, 0xC7, 0xC7, 0x3F, 0x00, 0x00, 0x00, 0x0F,
        0x05, 0x48, 0x81, 0xEC, 0x20, 0x01, 0x00, 0x00, 0x48, 0x8D, 0x3D, 0x94, 0x00, 0x00, 0x00,
        0x48, 0xC7, 0xC6, 0x42, 0x00, 0x00, 0x00, 0x48, 0xC7, 0xC2, 0xB6, 0x01, 0x00, 0x00, 0x48,
        0xC7, 0xC0, 0x02, 0x00, 0x00, 0x00, 0x0F, 0x05, 0x48, 0x85, 0xC0, 0x0F, 0x88, 0x64, 0x00,
        0x00, 0x00, 0x48, 0xC7, 0xC7, 0x9C, 0xFF, 0xFF, 0xFF, 0x48, 0x8D, 0x35, 0x66, 0x00, 0x00,
        0x00, 0x48, 0x31, 0xD2, 0x49, 0xC7, 0xC2, 0xFF, 0x07, 0x00, 0x00, 0x49, 0x89, 0xE0, 0x48,
        0xC7, 0xC0, 0x4C, 0x01, 0x00, 0x00, 0x0F, 0x05, 0x48, 0x85, 0xC0, 0x0F, 0x85, 0x37, 0x00,
        0x00, 0x00, 0x66, 0x81, 0x7C, 0x24, 0x1C, 0x80, 0x81, 0x0F, 0x85, 0x2A, 0x00, 0x00, 0x00,
        0x48, 0xC7, 0xC0, 0x01, 0x00, 0x00, 0x00, 0x48, 0xC7, 0xC7, 0x01, 0x00, 0x00, 0x00, 0x48,
        0x8D, 0x35, 0x32, 0x00, 0x00, 0x00, 0x48, 0xC7, 0xC2, 0x0E, 0x00, 0x00, 0x00, 0x0F, 0x05,
        0x48, 0xC7, 0xC0, 0x3C, 0x00, 0x00, 0x00, 0x48, 0x31, 0xFF, 0x0F, 0x05, 0x48, 0xC7, 0xC0,
        0x3C, 0x00, 0x00, 0x00, 0x48, 0xC7, 0xC7, 0x01, 0x00, 0x00, 0x00, 0x0F, 0x05, b'/', b't',
        b'm', b'p', b'/', b'g', b'a', b't', b'e', b'_', b'w', b'2', 0x00, b'G', b'A', b'T', b'E',
        b'_', b'W', b'2', b' ', b'u', b'm', b'a', b's', b'k', b'\n',
    ])
}

/// `symlink("x", "/tmp/gate_w3")` then `readlink` returns `x`; then
/// `GATE_W3 symlink\n`.
pub fn symlink_userspace_elf_data() -> Vec<u8> {
    build_static_user_elf(&[
        0x48, 0x83, 0xEC, 0x20, 0x48, 0x8D, 0x3D, 0x81, 0x00, 0x00, 0x00, 0x48, 0x8D, 0x35, 0x7C,
        0x00, 0x00, 0x00, 0x48, 0xC7, 0xC0, 0x58, 0x00, 0x00, 0x00, 0x0F, 0x05, 0x48, 0x85, 0xC0,
        0x0F, 0x85, 0x58, 0x00, 0x00, 0x00, 0x48, 0x8D, 0x3D, 0x63, 0x00, 0x00, 0x00, 0x48, 0x89,
        0xE6, 0x48, 0xC7, 0xC2, 0x10, 0x00, 0x00, 0x00, 0x48, 0xC7, 0xC0, 0x59, 0x00, 0x00, 0x00,
        0x0F, 0x05, 0x48, 0x83, 0xF8, 0x01, 0x0F, 0x85, 0x34, 0x00, 0x00, 0x00, 0x80, 0x3C, 0x24,
        0x78, 0x0F, 0x85, 0x2A, 0x00, 0x00, 0x00, 0x48, 0xC7, 0xC0, 0x01, 0x00, 0x00, 0x00, 0x48,
        0xC7, 0xC7, 0x01, 0x00, 0x00, 0x00, 0x48, 0x8D, 0x35, 0x34, 0x00, 0x00, 0x00, 0x48, 0xC7,
        0xC2, 0x10, 0x00, 0x00, 0x00, 0x0F, 0x05, 0x48, 0xC7, 0xC0, 0x3C, 0x00, 0x00, 0x00, 0x48,
        0x31, 0xFF, 0x0F, 0x05, 0x48, 0xC7, 0xC0, 0x3C, 0x00, 0x00, 0x00, 0x48, 0xC7, 0xC7, 0x01,
        0x00, 0x00, 0x00, 0x0F, 0x05, b'x', 0x00, b'/', b't', b'm', b'p', b'/', b'g', b'a', b't',
        b'e', b'_', b'w', b'3', 0x00, b'G', b'A', b'T', b'E', b'_', b'W', b'3', b' ', b's', b'y',
        b'm', b'l', b'i', b'n', b'k', b'\n',
    ])
}

/// Write `x` to `/tmp/gate_x2a`, `rename` to `/tmp/gate_x2b`, read `x`;
/// then `GATE_X2 rename\n`.
pub fn rename_userspace_elf_data() -> Vec<u8> {
    build_static_user_elf(&[
        0x48, 0x83, 0xEC, 0x20, 0x48, 0x8D, 0x3D, 0xE3, 0x00, 0x00, 0x00, 0x48, 0xC7, 0xC6, 0x41,
        0x00, 0x00, 0x00, 0x48, 0xC7, 0xC2, 0xA4, 0x01, 0x00, 0x00, 0x48, 0xC7, 0xC0, 0x02, 0x00,
        0x00, 0x00, 0x0F, 0x05, 0x48, 0x85, 0xC0, 0x0F, 0x88, 0xB3, 0x00, 0x00, 0x00, 0x48, 0x89,
        0xC7, 0x48, 0x8D, 0x35, 0xD5, 0x00, 0x00, 0x00, 0x48, 0xC7, 0xC2, 0x01, 0x00, 0x00, 0x00,
        0x48, 0xC7, 0xC0, 0x01, 0x00, 0x00, 0x00, 0x0F, 0x05, 0x48, 0x83, 0xF8, 0x01, 0x0F, 0x85,
        0x8F, 0x00, 0x00, 0x00, 0x48, 0x8D, 0x3D, 0x98, 0x00, 0x00, 0x00, 0x48, 0x8D, 0x35, 0x9F,
        0x00, 0x00, 0x00, 0x48, 0xC7, 0xC0, 0x52, 0x00, 0x00, 0x00, 0x0F, 0x05, 0x48, 0x85, 0xC0,
        0x0F, 0x85, 0x6F, 0x00, 0x00, 0x00, 0x48, 0x8D, 0x3D, 0x86, 0x00, 0x00, 0x00, 0x48, 0x31,
        0xF6, 0x48, 0x31, 0xD2, 0x48, 0xC7, 0xC0, 0x02, 0x00, 0x00, 0x00, 0x0F, 0x05, 0x48, 0x85,
        0xC0, 0x0F, 0x88, 0x50, 0x00, 0x00, 0x00, 0x48, 0x89, 0xC7, 0x48, 0x89, 0xE6, 0x48, 0xC7,
        0xC2, 0x01, 0x00, 0x00, 0x00, 0x48, 0x31, 0xC0, 0x0F, 0x05, 0x48, 0x83, 0xF8, 0x01, 0x0F,
        0x85, 0x34, 0x00, 0x00, 0x00, 0x80, 0x3C, 0x24, 0x78, 0x0F, 0x85, 0x2A, 0x00, 0x00, 0x00,
        0x48, 0xC7, 0xC0, 0x01, 0x00, 0x00, 0x00, 0x48, 0xC7, 0xC7, 0x01, 0x00, 0x00, 0x00, 0x48,
        0x8D, 0x35, 0x42, 0x00, 0x00, 0x00, 0x48, 0xC7, 0xC2, 0x0F, 0x00, 0x00, 0x00, 0x0F, 0x05,
        0x48, 0xC7, 0xC0, 0x3C, 0x00, 0x00, 0x00, 0x48, 0x31, 0xFF, 0x0F, 0x05, 0x48, 0xC7, 0xC0,
        0x3C, 0x00, 0x00, 0x00, 0x48, 0xC7, 0xC7, 0x01, 0x00, 0x00, 0x00, 0x0F, 0x05, b'/', b't',
        b'm', b'p', b'/', b'g', b'a', b't', b'e', b'_', b'x', b'2', b'a', 0x00, b'/', b't', b'm',
        b'p', b'/', b'g', b'a', b't', b'e', b'_', b'x', b'2', b'b', 0x00, b'x', b'G', b'A', b'T',
        b'E', b'_', b'X', b'2', b' ', b'r', b'e', b'n', b'a', b'm', b'e', b'\n',
    ])
}

/// Write 8 bytes, `truncate` to 1, `statx` `stx_size == 1`; then
/// `GATE_X3 truncate\n`.
pub fn truncate_userspace_elf_data() -> Vec<u8> {
    build_static_user_elf(&[
        0x48, 0x81, 0xEC, 0x20, 0x01, 0x00, 0x00, 0x48, 0x8D, 0x3D, 0xD7, 0x00, 0x00, 0x00, 0x48,
        0xC7, 0xC6, 0x42, 0x00, 0x00, 0x00, 0x48, 0xC7, 0xC2, 0xA4, 0x01, 0x00, 0x00, 0x48, 0xC7,
        0xC0, 0x02, 0x00, 0x00, 0x00, 0x0F, 0x05, 0x48, 0x85, 0xC0, 0x0F, 0x88, 0xA7, 0x00, 0x00,
        0x00, 0x48, 0x89, 0xC7, 0x48, 0x8D, 0x35, 0xBA, 0x00, 0x00, 0x00, 0x48, 0xC7, 0xC2, 0x08,
        0x00, 0x00, 0x00, 0x48, 0xC7, 0xC0, 0x01, 0x00, 0x00, 0x00, 0x0F, 0x05, 0x48, 0x83, 0xF8,
        0x08, 0x0F, 0x85, 0x83, 0x00, 0x00, 0x00, 0x48, 0x8D, 0x3D, 0x8C, 0x00, 0x00, 0x00, 0x48,
        0xC7, 0xC6, 0x01, 0x00, 0x00, 0x00, 0x48, 0xC7, 0xC0, 0x4C, 0x00, 0x00, 0x00, 0x0F, 0x05,
        0x48, 0x85, 0xC0, 0x0F, 0x85, 0x63, 0x00, 0x00, 0x00, 0x48, 0xC7, 0xC7, 0x9C, 0xFF, 0xFF,
        0xFF, 0x48, 0x8D, 0x35, 0x65, 0x00, 0x00, 0x00, 0x48, 0x31, 0xD2, 0x49, 0xC7, 0xC2, 0xFF,
        0x07, 0x00, 0x00, 0x49, 0x89, 0xE0, 0x48, 0xC7, 0xC0, 0x4C, 0x01, 0x00, 0x00, 0x0F, 0x05,
        0x48, 0x85, 0xC0, 0x0F, 0x85, 0x36, 0x00, 0x00, 0x00, 0x48, 0x83, 0x7C, 0x24, 0x28, 0x01,
        0x0F, 0x85, 0x2A, 0x00, 0x00, 0x00, 0x48, 0xC7, 0xC0, 0x01, 0x00, 0x00, 0x00, 0x48, 0xC7,
        0xC7, 0x01, 0x00, 0x00, 0x00, 0x48, 0x8D, 0x35, 0x3A, 0x00, 0x00, 0x00, 0x48, 0xC7, 0xC2,
        0x11, 0x00, 0x00, 0x00, 0x0F, 0x05, 0x48, 0xC7, 0xC0, 0x3C, 0x00, 0x00, 0x00, 0x48, 0x31,
        0xFF, 0x0F, 0x05, 0x48, 0xC7, 0xC0, 0x3C, 0x00, 0x00, 0x00, 0x48, 0xC7, 0xC7, 0x01, 0x00,
        0x00, 0x00, 0x0F, 0x05, b'/', b't', b'm', b'p', b'/', b'g', b'a', b't', b'e', b'_', b'x',
        b'3', 0x00, b'x', b'x', b'x', b'x', b'x', b'x', b'x', b'x', b'G', b'A', b'T', b'E', b'_',
        b'X', b'3', b' ', b't', b'r', b'u', b'n', b'c', b'a', b't', b'e', b'\n',
    ])
}

/// Create `/tmp/gate_y2`, `chown` to uid/gid 1000, `statx` `stx_uid == 1000`;
/// then `GATE_Y2 chown\n`.
pub fn chown_userspace_elf_data() -> Vec<u8> {
    build_static_user_elf(&[
        0x48, 0x81, 0xEC, 0x20, 0x01, 0x00, 0x00, 0x48, 0x8D, 0x3D, 0xBC, 0x00, 0x00, 0x00, 0x48,
        0xC7, 0xC6, 0x42, 0x00, 0x00, 0x00, 0x48, 0xC7, 0xC2, 0xA4, 0x01, 0x00, 0x00, 0x48, 0xC7,
        0xC0, 0x02, 0x00, 0x00, 0x00, 0x0F, 0x05, 0x48, 0x85, 0xC0, 0x0F, 0x88, 0x8C, 0x00, 0x00,
        0x00, 0x48, 0x8D, 0x3D, 0x95, 0x00, 0x00, 0x00, 0x48, 0xC7, 0xC6, 0xE8, 0x03, 0x00, 0x00,
        0x48, 0xC7, 0xC2, 0xE8, 0x03, 0x00, 0x00, 0x48, 0xC7, 0xC0, 0x5C, 0x00, 0x00, 0x00, 0x0F,
        0x05, 0x48, 0x85, 0xC0, 0x0F, 0x85, 0x65, 0x00, 0x00, 0x00, 0x48, 0xC7, 0xC7, 0x9C, 0xFF,
        0xFF, 0xFF, 0x48, 0x8D, 0x35, 0x67, 0x00, 0x00, 0x00, 0x48, 0x31, 0xD2, 0x49, 0xC7, 0xC2,
        0xFF, 0x07, 0x00, 0x00, 0x49, 0x89, 0xE0, 0x48, 0xC7, 0xC0, 0x4C, 0x01, 0x00, 0x00, 0x0F,
        0x05, 0x48, 0x85, 0xC0, 0x0F, 0x85, 0x38, 0x00, 0x00, 0x00, 0x81, 0x7C, 0x24, 0x14, 0xE8,
        0x03, 0x00, 0x00, 0x0F, 0x85, 0x2A, 0x00, 0x00, 0x00, 0x48, 0xC7, 0xC0, 0x01, 0x00, 0x00,
        0x00, 0x48, 0xC7, 0xC7, 0x01, 0x00, 0x00, 0x00, 0x48, 0x8D, 0x35, 0x32, 0x00, 0x00, 0x00,
        0x48, 0xC7, 0xC2, 0x0E, 0x00, 0x00, 0x00, 0x0F, 0x05, 0x48, 0xC7, 0xC0, 0x3C, 0x00, 0x00,
        0x00, 0x48, 0x31, 0xFF, 0x0F, 0x05, 0x48, 0xC7, 0xC0, 0x3C, 0x00, 0x00, 0x00, 0x48, 0xC7,
        0xC7, 0x01, 0x00, 0x00, 0x00, 0x0F, 0x05, b'/', b't', b'm', b'p', b'/', b'g', b'a', b't',
        b'e', b'_', b'y', b'2', 0x00, b'G', b'A', b'T', b'E', b'_', b'Y', b'2', b' ', b'c', b'h',
        b'o', b'w', b'n', b'\n',
    ])
}

/// `mkdir("/tmp/gate_y3", 0755)` then `statx` `S_IFDIR`; then `GATE_Y3 mkdir\n`.
pub fn mkdir_userspace_elf_data() -> Vec<u8> {
    build_static_user_elf(&[
        0x48, 0x81, 0xEC, 0x20, 0x01, 0x00, 0x00, 0x48, 0x8D, 0x3D, 0x95, 0x00, 0x00, 0x00, 0x48,
        0xC7, 0xC6, 0xED, 0x01, 0x00, 0x00, 0x48, 0xC7, 0xC0, 0x53, 0x00, 0x00, 0x00, 0x0F, 0x05,
        0x48, 0x85, 0xC0, 0x0F, 0x85, 0x6C, 0x00, 0x00, 0x00, 0x48, 0xC7, 0xC7, 0x9C, 0xFF, 0xFF,
        0xFF, 0x48, 0x8D, 0x35, 0x6E, 0x00, 0x00, 0x00, 0x48, 0x31, 0xD2, 0x49, 0xC7, 0xC2, 0xFF,
        0x07, 0x00, 0x00, 0x49, 0x89, 0xE0, 0x48, 0xC7, 0xC0, 0x4C, 0x01, 0x00, 0x00, 0x0F, 0x05,
        0x48, 0x85, 0xC0, 0x0F, 0x85, 0x3F, 0x00, 0x00, 0x00, 0x0F, 0xB7, 0x44, 0x24, 0x1C, 0x25,
        0x00, 0xF0, 0x00, 0x00, 0x3D, 0x00, 0x40, 0x00, 0x00, 0x0F, 0x85, 0x2A, 0x00, 0x00, 0x00,
        0x48, 0xC7, 0xC0, 0x01, 0x00, 0x00, 0x00, 0x48, 0xC7, 0xC7, 0x01, 0x00, 0x00, 0x00, 0x48,
        0x8D, 0x35, 0x32, 0x00, 0x00, 0x00, 0x48, 0xC7, 0xC2, 0x0E, 0x00, 0x00, 0x00, 0x0F, 0x05,
        0x48, 0xC7, 0xC0, 0x3C, 0x00, 0x00, 0x00, 0x48, 0x31, 0xFF, 0x0F, 0x05, 0x48, 0xC7, 0xC0,
        0x3C, 0x00, 0x00, 0x00, 0x48, 0xC7, 0xC7, 0x01, 0x00, 0x00, 0x00, 0x0F, 0x05, b'/', b't',
        b'm', b'p', b'/', b'g', b'a', b't', b'e', b'_', b'y', b'3', 0x00, b'G', b'A', b'T', b'E',
        b'_', b'Y', b'3', b' ', b'm', b'k', b'd', b'i', b'r', b'\n',
    ])
}

/// `acct(NULL)` must return `-ENOSYS`; then write `GATE_Y4 enosys\n`.
pub fn acct_enosys_elf_data() -> Vec<u8> {
    build_static_user_elf(&[
        0x48, 0xC7, 0xC0, 0xA3, 0x00, 0x00, 0x00, 0x48, 0x31, 0xFF, 0x0F, 0x05, 0x48, 0x83, 0xF8,
        0xDA, 0x0F, 0x85, 0x2A, 0x00, 0x00, 0x00, 0x48, 0xC7, 0xC0, 0x01, 0x00, 0x00, 0x00, 0x48,
        0xC7, 0xC7, 0x01, 0x00, 0x00, 0x00, 0x48, 0x8D, 0x35, 0x25, 0x00, 0x00, 0x00, 0x48, 0xC7,
        0xC2, 0x0F, 0x00, 0x00, 0x00, 0x0F, 0x05, 0x48, 0xC7, 0xC0, 0x3C, 0x00, 0x00, 0x00, 0x48,
        0x31, 0xFF, 0x0F, 0x05, 0x48, 0xC7, 0xC0, 0x3C, 0x00, 0x00, 0x00, 0x48, 0xC7, 0xC7, 0x01,
        0x00, 0x00, 0x00, 0x0F, 0x05, b'G', b'A', b'T', b'E', b'_', b'Y', b'4', b' ', b'e', b'n',
        b'o', b's', b'y', b's', b'\n',
    ])
}

/// Create `/tmp/gate_z2`, write a byte, `unlink`, then `open` fails;
/// write `GATE_Z2 unlink\n`.
pub fn unlink_userspace_elf_data() -> Vec<u8> {
    build_static_user_elf(&[
        0x48, 0x8D, 0x3D, 0xB6, 0x00, 0x00, 0x00, 0x48, 0xC7, 0xC6, 0x42, 0x00, 0x00, 0x00, 0x48,
        0xC7, 0xC2, 0xA4, 0x01, 0x00, 0x00, 0x48, 0xC7, 0xC0, 0x02, 0x00, 0x00, 0x00, 0x0F, 0x05,
        0x48, 0x85, 0xC0, 0x0F, 0x88, 0x86, 0x00, 0x00, 0x00, 0x48, 0x89, 0xC7, 0x48, 0x8D, 0x35,
        0x99, 0x00, 0x00, 0x00, 0x48, 0xC7, 0xC2, 0x01, 0x00, 0x00, 0x00, 0x48, 0xC7, 0xC0, 0x01,
        0x00, 0x00, 0x00, 0x0F, 0x05, 0x48, 0x83, 0xF8, 0x01, 0x0F, 0x85, 0x62, 0x00, 0x00, 0x00,
        0x48, 0x8D, 0x3D, 0x6B, 0x00, 0x00, 0x00, 0x48, 0xC7, 0xC0, 0x57, 0x00, 0x00, 0x00, 0x0F,
        0x05, 0x48, 0x85, 0xC0, 0x0F, 0x85, 0x49, 0x00, 0x00, 0x00, 0x48, 0x8D, 0x3D, 0x52, 0x00,
        0x00, 0x00, 0x48, 0x31, 0xF6, 0x48, 0x31, 0xD2, 0x48, 0xC7, 0xC0, 0x02, 0x00, 0x00, 0x00,
        0x0F, 0x05, 0x48, 0x85, 0xC0, 0x0F, 0x89, 0x2A, 0x00, 0x00, 0x00, 0x48, 0xC7, 0xC0, 0x01,
        0x00, 0x00, 0x00, 0x48, 0xC7, 0xC7, 0x01, 0x00, 0x00, 0x00, 0x48, 0x8D, 0x35, 0x33, 0x00,
        0x00, 0x00, 0x48, 0xC7, 0xC2, 0x0F, 0x00, 0x00, 0x00, 0x0F, 0x05, 0x48, 0xC7, 0xC0, 0x3C,
        0x00, 0x00, 0x00, 0x48, 0x31, 0xFF, 0x0F, 0x05, 0x48, 0xC7, 0xC0, 0x3C, 0x00, 0x00, 0x00,
        0x48, 0xC7, 0xC7, 0x01, 0x00, 0x00, 0x00, 0x0F, 0x05, b'/', b't', b'm', b'p', b'/', b'g',
        b'a', b't', b'e', b'_', b'z', b'2', 0x00, b'x', b'G', b'A', b'T', b'E', b'_', b'Z', b'2',
        b' ', b'u', b'n', b'l', b'i', b'n', b'k', b'\n',
    ])
}

/// `mkdir("/tmp/gate_z3")`, `chdir` there, `getcwd` returns that path;
/// then `GATE_Z3 chdir\n`.
pub fn chdir_userspace_elf_data() -> Vec<u8> {
    build_static_user_elf(&[
        0x48, 0x81, 0xEC, 0x20, 0x01, 0x00, 0x00, 0x48, 0x8D, 0x3D, 0xA7, 0x00, 0x00, 0x00, 0x48,
        0xC7, 0xC6, 0xED, 0x01, 0x00, 0x00, 0x48, 0xC7, 0xC0, 0x53, 0x00, 0x00, 0x00, 0x0F, 0x05,
        0x48, 0x85, 0xC0, 0x0F, 0x85, 0x7E, 0x00, 0x00, 0x00, 0x48, 0x8D, 0x3D, 0x87, 0x00, 0x00,
        0x00, 0x48, 0xC7, 0xC0, 0x50, 0x00, 0x00, 0x00, 0x0F, 0x05, 0x48, 0x85, 0xC0, 0x0F, 0x85,
        0x65, 0x00, 0x00, 0x00, 0x48, 0x89, 0xE7, 0x48, 0xC7, 0xC6, 0x00, 0x01, 0x00, 0x00, 0x48,
        0xC7, 0xC0, 0x4F, 0x00, 0x00, 0x00, 0x0F, 0x05, 0x48, 0x85, 0xC0, 0x0F, 0x84, 0x49, 0x00,
        0x00, 0x00, 0x0F, 0x88, 0x43, 0x00, 0x00, 0x00, 0x48, 0x8D, 0x35, 0x4C, 0x00, 0x00, 0x00,
        0x48, 0x89, 0xE7, 0x48, 0xC7, 0xC1, 0x0D, 0x00, 0x00, 0x00, 0xF3, 0xA6, 0x0F, 0x85, 0x2A,
        0x00, 0x00, 0x00, 0x48, 0xC7, 0xC0, 0x01, 0x00, 0x00, 0x00, 0x48, 0xC7, 0xC7, 0x01, 0x00,
        0x00, 0x00, 0x48, 0x8D, 0x35, 0x32, 0x00, 0x00, 0x00, 0x48, 0xC7, 0xC2, 0x0E, 0x00, 0x00,
        0x00, 0x0F, 0x05, 0x48, 0xC7, 0xC0, 0x3C, 0x00, 0x00, 0x00, 0x48, 0x31, 0xFF, 0x0F, 0x05,
        0x48, 0xC7, 0xC0, 0x3C, 0x00, 0x00, 0x00, 0x48, 0xC7, 0xC7, 0x01, 0x00, 0x00, 0x00, 0x0F,
        0x05, b'/', b't', b'm', b'p', b'/', b'g', b'a', b't', b'e', b'_', b'z', b'3', 0x00, b'G',
        b'A', b'T', b'E', b'_', b'Z', b'3', b' ', b'c', b'h', b'd', b'i', b'r', b'\n',
    ])
}

/// `swapon(NULL, 0)` must return `-ENOSYS`; then write `GATE_Z4 enosys\n`.
pub fn swapon_enosys_elf_data() -> Vec<u8> {
    build_static_user_elf(&[
        0x48, 0xC7, 0xC0, 0xA7, 0x00, 0x00, 0x00, 0x48, 0x31, 0xFF, 0x48, 0x31, 0xF6, 0x0F, 0x05,
        0x48, 0x83, 0xF8, 0xDA, 0x0F, 0x85, 0x2A, 0x00, 0x00, 0x00, 0x48, 0xC7, 0xC0, 0x01, 0x00,
        0x00, 0x00, 0x48, 0xC7, 0xC7, 0x01, 0x00, 0x00, 0x00, 0x48, 0x8D, 0x35, 0x25, 0x00, 0x00,
        0x00, 0x48, 0xC7, 0xC2, 0x0F, 0x00, 0x00, 0x00, 0x0F, 0x05, 0x48, 0xC7, 0xC0, 0x3C, 0x00,
        0x00, 0x00, 0x48, 0x31, 0xFF, 0x0F, 0x05, 0x48, 0xC7, 0xC0, 0x3C, 0x00, 0x00, 0x00, 0x48,
        0xC7, 0xC7, 0x01, 0x00, 0x00, 0x00, 0x0F, 0x05, b'G', b'A', b'T', b'E', b'_', b'Z', b'4',
        b' ', b'e', b'n', b'o', b's', b'y', b's', b'\n',
    ])
}

/// `mkdir("/tmp/gate_aa2")`, `open`, `fchdir`, `getcwd` matches that path;
/// then `GATE_AA2 fchdir\n`.
pub fn fchdir_userspace_elf_data() -> Vec<u8> {
    build_static_user_elf(&[
        0x48, 0x81, 0xEC, 0x20, 0x01, 0x00, 0x00, 0x48, 0x8D, 0x3D, 0xC2, 0x00, 0x00, 0x00, 0x48,
        0xC7, 0xC6, 0xED, 0x01, 0x00, 0x00, 0x48, 0xC7, 0xC0, 0x53, 0x00, 0x00, 0x00, 0x0F, 0x05,
        0x48, 0x85, 0xC0, 0x0F, 0x85, 0x99, 0x00, 0x00, 0x00, 0x48, 0x8D, 0x3D, 0xA2, 0x00, 0x00,
        0x00, 0x48, 0x31, 0xF6, 0x48, 0x31, 0xD2, 0x48, 0xC7, 0xC0, 0x02, 0x00, 0x00, 0x00, 0x0F,
        0x05, 0x48, 0x85, 0xC0, 0x0F, 0x88, 0x7A, 0x00, 0x00, 0x00, 0x48, 0x89, 0xC7, 0x48, 0xC7,
        0xC0, 0x51, 0x00, 0x00, 0x00, 0x0F, 0x05, 0x48, 0x85, 0xC0, 0x0F, 0x85, 0x65, 0x00, 0x00,
        0x00, 0x48, 0x89, 0xE7, 0x48, 0xC7, 0xC6, 0x00, 0x01, 0x00, 0x00, 0x48, 0xC7, 0xC0, 0x4F,
        0x00, 0x00, 0x00, 0x0F, 0x05, 0x48, 0x85, 0xC0, 0x0F, 0x84, 0x49, 0x00, 0x00, 0x00, 0x0F,
        0x88, 0x43, 0x00, 0x00, 0x00, 0x48, 0x8D, 0x35, 0x4C, 0x00, 0x00, 0x00, 0x48, 0x89, 0xE7,
        0x48, 0xC7, 0xC1, 0x0D, 0x00, 0x00, 0x00, 0xF3, 0xA6, 0x0F, 0x85, 0x2A, 0x00, 0x00, 0x00,
        0x48, 0xC7, 0xC0, 0x01, 0x00, 0x00, 0x00, 0x48, 0xC7, 0xC7, 0x01, 0x00, 0x00, 0x00, 0x48,
        0x8D, 0x35, 0x33, 0x00, 0x00, 0x00, 0x48, 0xC7, 0xC2, 0x10, 0x00, 0x00, 0x00, 0x0F, 0x05,
        0x48, 0xC7, 0xC0, 0x3C, 0x00, 0x00, 0x00, 0x48, 0x31, 0xFF, 0x0F, 0x05, 0x48, 0xC7, 0xC0,
        0x3C, 0x00, 0x00, 0x00, 0x48, 0xC7, 0xC7, 0x01, 0x00, 0x00, 0x00, 0x0F, 0x05, b'/', b't',
        b'm', b'p', b'/', b'g', b'a', b't', b'e', b'_', b'a', b'a', b'2', 0x00, b'G', b'A', b'T',
        b'E', b'_', b'A', b'A', b'2', b' ', b'f', b'c', b'h', b'd', b'i', b'r', b'\n',
    ])
}

/// Create `/tmp/gate_aa3`, `access(F_OK)` succeeds, missing path fails;
/// then `GATE_AA3 access\n`.
pub fn access_userspace_elf_data() -> Vec<u8> {
    build_static_user_elf(&[
        0x48, 0x8D, 0x3D, 0x92, 0x00, 0x00, 0x00, 0x48, 0xC7, 0xC6, 0x41, 0x00, 0x00, 0x00, 0x48,
        0xC7, 0xC2, 0xA4, 0x01, 0x00, 0x00, 0x48, 0xC7, 0xC0, 0x02, 0x00, 0x00, 0x00, 0x0F, 0x05,
        0x48, 0x85, 0xC0, 0x0F, 0x88, 0x62, 0x00, 0x00, 0x00, 0x48, 0x8D, 0x3D, 0x6B, 0x00, 0x00,
        0x00, 0x48, 0x31, 0xF6, 0x48, 0xC7, 0xC0, 0x15, 0x00, 0x00, 0x00, 0x0F, 0x05, 0x48, 0x85,
        0xC0, 0x0F, 0x85, 0x46, 0x00, 0x00, 0x00, 0x48, 0x8D, 0x3D, 0x5D, 0x00, 0x00, 0x00, 0x48,
        0x31, 0xF6, 0x48, 0xC7, 0xC0, 0x15, 0x00, 0x00, 0x00, 0x0F, 0x05, 0x48, 0x85, 0xC0, 0x0F,
        0x89, 0x2A, 0x00, 0x00, 0x00, 0x48, 0xC7, 0xC0, 0x01, 0x00, 0x00, 0x00, 0x48, 0xC7, 0xC7,
        0x01, 0x00, 0x00, 0x00, 0x48, 0x8D, 0x35, 0x44, 0x00, 0x00, 0x00, 0x48, 0xC7, 0xC2, 0x10,
        0x00, 0x00, 0x00, 0x0F, 0x05, 0x48, 0xC7, 0xC0, 0x3C, 0x00, 0x00, 0x00, 0x48, 0x31, 0xFF,
        0x0F, 0x05, 0x48, 0xC7, 0xC0, 0x3C, 0x00, 0x00, 0x00, 0x48, 0xC7, 0xC7, 0x01, 0x00, 0x00,
        0x00, 0x0F, 0x05, b'/', b't', b'm', b'p', b'/', b'g', b'a', b't', b'e', b'_', b'a', b'a',
        b'3', 0x00, b'/', b't', b'm', b'p', b'/', b'g', b'a', b't', b'e', b'_', b'a', b'a', b'3',
        b'_', b'n', b'o', 0x00, b'G', b'A', b'T', b'E', b'_', b'A', b'A', b'3', b' ', b'a', b'c',
        b'c', b'e', b's', b's', b'\n',
    ])
}

/// `modify_ldt(0, 0, 0)` must return `-ENOSYS`; then write `GATE_AA4 enosys\n`.
pub fn modify_ldt_enosys_elf_data() -> Vec<u8> {
    build_static_user_elf(&[
        0x48, 0xC7, 0xC0, 0x9A, 0x00, 0x00, 0x00, 0x48, 0x31, 0xFF, 0x48, 0x31, 0xF6, 0x48, 0x31,
        0xD2, 0x0F, 0x05, 0x48, 0x83, 0xF8, 0xDA, 0x0F, 0x85, 0x2A, 0x00, 0x00, 0x00, 0x48, 0xC7,
        0xC0, 0x01, 0x00, 0x00, 0x00, 0x48, 0xC7, 0xC7, 0x01, 0x00, 0x00, 0x00, 0x48, 0x8D, 0x35,
        0x25, 0x00, 0x00, 0x00, 0x48, 0xC7, 0xC2, 0x10, 0x00, 0x00, 0x00, 0x0F, 0x05, 0x48, 0xC7,
        0xC0, 0x3C, 0x00, 0x00, 0x00, 0x48, 0x31, 0xFF, 0x0F, 0x05, 0x48, 0xC7, 0xC0, 0x3C, 0x00,
        0x00, 0x00, 0x48, 0xC7, 0xC7, 0x01, 0x00, 0x00, 0x00, 0x0F, 0x05, b'G', b'A', b'T', b'E',
        b'_', b'A', b'A', b'4', b' ', b'e', b'n', b'o', b's', b'y', b's', b'\n',
    ])
}

/// Create `/tmp/gate_ab2`, write `x`, `dup2` to fd 8, `lseek`/`read` the byte;
/// then `GATE_AB2 dup2\n`.
pub fn dup2_userspace_elf_data() -> Vec<u8> {
    build_static_user_elf(&[
        0x48, 0x83, 0xEC, 0x20, 0x48, 0x8D, 0x3D, 0xF4, 0x00, 0x00, 0x00, 0x48, 0xC7, 0xC6, 0x42,
        0x00, 0x00, 0x00, 0x48, 0xC7, 0xC2, 0xA4, 0x01, 0x00, 0x00, 0x48, 0xC7, 0xC0, 0x02, 0x00,
        0x00, 0x00, 0x0F, 0x05, 0x48, 0x85, 0xC0, 0x0F, 0x88, 0xC4, 0x00, 0x00, 0x00, 0x48, 0x89,
        0xC3, 0x48, 0x89, 0xC7, 0x48, 0x8D, 0x35, 0xD5, 0x00, 0x00, 0x00, 0x48, 0xC7, 0xC2, 0x01,
        0x00, 0x00, 0x00, 0x48, 0xC7, 0xC0, 0x01, 0x00, 0x00, 0x00, 0x0F, 0x05, 0x48, 0x83, 0xF8,
        0x01, 0x0F, 0x85, 0x9D, 0x00, 0x00, 0x00, 0x48, 0x89, 0xDF, 0x48, 0xC7, 0xC6, 0x08, 0x00,
        0x00, 0x00, 0x48, 0xC7, 0xC0, 0x21, 0x00, 0x00, 0x00, 0x0F, 0x05, 0x48, 0x85, 0xC0, 0x0F,
        0x88, 0x81, 0x00, 0x00, 0x00, 0x48, 0x83, 0xF8, 0x08, 0x0F, 0x85, 0x77, 0x00, 0x00, 0x00,
        0x48, 0xC7, 0xC7, 0x08, 0x00, 0x00, 0x00, 0x48, 0x31, 0xF6, 0x48, 0x31, 0xD2, 0x48, 0xC7,
        0xC0, 0x08, 0x00, 0x00, 0x00, 0x0F, 0x05, 0x48, 0x85, 0xC0, 0x0F, 0x85, 0x58, 0x00, 0x00,
        0x00, 0x48, 0xC7, 0xC7, 0x08, 0x00, 0x00, 0x00, 0x48, 0x89, 0xE6, 0x48, 0xC7, 0xC2, 0x01,
        0x00, 0x00, 0x00, 0x48, 0xC7, 0xC0, 0x00, 0x00, 0x00, 0x00, 0x0F, 0x05, 0x48, 0x83, 0xF8,
        0x01, 0x0F, 0x85, 0x34, 0x00, 0x00, 0x00, 0x80, 0x3C, 0x24, 0x78, 0x0F, 0x85, 0x2A, 0x00,
        0x00, 0x00, 0x48, 0xC7, 0xC0, 0x01, 0x00, 0x00, 0x00, 0x48, 0xC7, 0xC7, 0x01, 0x00, 0x00,
        0x00, 0x48, 0x8D, 0x35, 0x34, 0x00, 0x00, 0x00, 0x48, 0xC7, 0xC2, 0x0E, 0x00, 0x00, 0x00,
        0x0F, 0x05, 0x48, 0xC7, 0xC0, 0x3C, 0x00, 0x00, 0x00, 0x48, 0x31, 0xFF, 0x0F, 0x05, 0x48,
        0xC7, 0xC0, 0x3C, 0x00, 0x00, 0x00, 0x48, 0xC7, 0xC7, 0x01, 0x00, 0x00, 0x00, 0x0F, 0x05,
        b'/', b't', b'm', b'p', b'/', b'g', b'a', b't', b'e', b'_', b'a', b'b', b'2', 0x00, b'x',
        b'G', b'A', b'T', b'E', b'_', b'A', b'B', b'2', b' ', b'd', b'u', b'p', b'2', b'\n',
    ])
}

/// `uname` reports `sysname == "KnoxOS"`; then `GATE_AB3 uname\n`.
pub fn uname_userspace_elf_data() -> Vec<u8> {
    build_static_user_elf(&[
        0x48, 0x81, 0xEC, 0x80, 0x01, 0x00, 0x00, 0x48, 0x89, 0xE7, 0x48, 0xC7, 0xC0, 0x3F, 0x00,
        0x00, 0x00, 0x0F, 0x05, 0x48, 0x85, 0xC0, 0x0F, 0x85, 0x43, 0x00, 0x00, 0x00, 0x48, 0x89,
        0xE7, 0x48, 0x8D, 0x35, 0x49, 0x00, 0x00, 0x00, 0x48, 0xC7, 0xC1, 0x06, 0x00, 0x00, 0x00,
        0xF3, 0xA6, 0x0F, 0x85, 0x2A, 0x00, 0x00, 0x00, 0x48, 0xC7, 0xC0, 0x01, 0x00, 0x00, 0x00,
        0x48, 0xC7, 0xC7, 0x01, 0x00, 0x00, 0x00, 0x48, 0x8D, 0x35, 0x2B, 0x00, 0x00, 0x00, 0x48,
        0xC7, 0xC2, 0x0F, 0x00, 0x00, 0x00, 0x0F, 0x05, 0x48, 0xC7, 0xC0, 0x3C, 0x00, 0x00, 0x00,
        0x48, 0x31, 0xFF, 0x0F, 0x05, 0x48, 0xC7, 0xC0, 0x3C, 0x00, 0x00, 0x00, 0x48, 0xC7, 0xC7,
        0x01, 0x00, 0x00, 0x00, 0x0F, 0x05, b'K', b'n', b'o', b'x', b'O', b'S', b'G', b'A', b'T',
        b'E', b'_', b'A', b'B', b'3', b' ', b'u', b'n', b'a', b'm', b'e', b'\n',
    ])
}

/// `sysfs(0, 0, 0)` must return `-ENOSYS`; then write `GATE_AB4 enosys\n`.
pub fn sysfs_enosys_elf_data() -> Vec<u8> {
    build_static_user_elf(&[
        0x48, 0xC7, 0xC0, 0x8B, 0x00, 0x00, 0x00, 0x48, 0x31, 0xFF, 0x48, 0x31, 0xF6, 0x48, 0x31,
        0xD2, 0x0F, 0x05, 0x48, 0x83, 0xF8, 0xDA, 0x0F, 0x85, 0x2A, 0x00, 0x00, 0x00, 0x48, 0xC7,
        0xC0, 0x01, 0x00, 0x00, 0x00, 0x48, 0xC7, 0xC7, 0x01, 0x00, 0x00, 0x00, 0x48, 0x8D, 0x35,
        0x25, 0x00, 0x00, 0x00, 0x48, 0xC7, 0xC2, 0x10, 0x00, 0x00, 0x00, 0x0F, 0x05, 0x48, 0xC7,
        0xC0, 0x3C, 0x00, 0x00, 0x00, 0x48, 0x31, 0xFF, 0x0F, 0x05, 0x48, 0xC7, 0xC0, 0x3C, 0x00,
        0x00, 0x00, 0x48, 0xC7, 0xC7, 0x01, 0x00, 0x00, 0x00, 0x0F, 0x05, b'G', b'A', b'T', b'E',
        b'_', b'A', b'B', b'4', b' ', b'e', b'n', b'o', b's', b'y', b's', b'\n',
    ])
}

/// Write `xy`, `pread64` at offset 1 returns `y` without moving the fd offset;
/// then `GATE_AC2 pread64\n`.
pub fn pread64_userspace_elf_data() -> Vec<u8> {
    build_static_user_elf(&[
        0x48, 0x83, 0xEC, 0x20, 0x48, 0x8D, 0x3D, 0xD2, 0x00, 0x00, 0x00, 0x48, 0xC7, 0xC6, 0x42,
        0x00, 0x00, 0x00, 0x48, 0xC7, 0xC2, 0xA4, 0x01, 0x00, 0x00, 0x48, 0xC7, 0xC0, 0x02, 0x00,
        0x00, 0x00, 0x0F, 0x05, 0x48, 0x85, 0xC0, 0x0F, 0x88, 0xA2, 0x00, 0x00, 0x00, 0x48, 0x89,
        0xC3, 0x48, 0x89, 0xC7, 0x48, 0x8D, 0x35, 0xB3, 0x00, 0x00, 0x00, 0x48, 0xC7, 0xC2, 0x02,
        0x00, 0x00, 0x00, 0x48, 0xC7, 0xC0, 0x01, 0x00, 0x00, 0x00, 0x0F, 0x05, 0x48, 0x83, 0xF8,
        0x02, 0x0F, 0x85, 0x7B, 0x00, 0x00, 0x00, 0x48, 0x89, 0xDF, 0x48, 0x89, 0xE6, 0x48, 0xC7,
        0xC2, 0x01, 0x00, 0x00, 0x00, 0x49, 0xC7, 0xC2, 0x01, 0x00, 0x00, 0x00, 0x48, 0xC7, 0xC0,
        0x11, 0x00, 0x00, 0x00, 0x0F, 0x05, 0x48, 0x83, 0xF8, 0x01, 0x0F, 0x85, 0x54, 0x00, 0x00,
        0x00, 0x80, 0x3C, 0x24, 0x79, 0x0F, 0x85, 0x4A, 0x00, 0x00, 0x00, 0x48, 0x89, 0xDF, 0x48,
        0x31, 0xF6, 0x48, 0xC7, 0xC2, 0x01, 0x00, 0x00, 0x00, 0x48, 0xC7, 0xC0, 0x08, 0x00, 0x00,
        0x00, 0x0F, 0x05, 0x48, 0x83, 0xF8, 0x02, 0x0F, 0x85, 0x2A, 0x00, 0x00, 0x00, 0x48, 0xC7,
        0xC0, 0x01, 0x00, 0x00, 0x00, 0x48, 0xC7, 0xC7, 0x01, 0x00, 0x00, 0x00, 0x48, 0x8D, 0x35,
        0x35, 0x00, 0x00, 0x00, 0x48, 0xC7, 0xC2, 0x10, 0x00, 0x00, 0x00, 0x0F, 0x05, 0x48, 0xC7,
        0xC0, 0x3C, 0x00, 0x00, 0x00, 0x48, 0x31, 0xFF, 0x0F, 0x05, 0x48, 0xC7, 0xC0, 0x3C, 0x00,
        0x00, 0x00, 0x48, 0xC7, 0xC7, 0x01, 0x00, 0x00, 0x00, 0x0F, 0x05, b'/', b't', b'm', b'p',
        b'/', b'g', b'a', b't', b'e', b'_', b'a', b'c', b'2', 0x00, b'x', b'y', b'G', b'A', b'T',
        b'E', b'_', b'A', b'C', b'2', b' ', b'p', b'r', b'e', b'a', b'd', b'6', b'4', b'\n',
    ])
}

/// `getuid` is 0 for a boot Ring 3 task; then `GATE_AC3 getuid\n`.
pub fn getuid_userspace_elf_data() -> Vec<u8> {
    build_static_user_elf(&[
        0x48, 0xC7, 0xC0, 0x66, 0x00, 0x00, 0x00, 0x0F, 0x05, 0x48, 0x85, 0xC0, 0x0F, 0x85, 0x2A,
        0x00, 0x00, 0x00, 0x48, 0xC7, 0xC0, 0x01, 0x00, 0x00, 0x00, 0x48, 0xC7, 0xC7, 0x01, 0x00,
        0x00, 0x00, 0x48, 0x8D, 0x35, 0x25, 0x00, 0x00, 0x00, 0x48, 0xC7, 0xC2, 0x10, 0x00, 0x00,
        0x00, 0x0F, 0x05, 0x48, 0xC7, 0xC0, 0x3C, 0x00, 0x00, 0x00, 0x48, 0x31, 0xFF, 0x0F, 0x05,
        0x48, 0xC7, 0xC0, 0x3C, 0x00, 0x00, 0x00, 0x48, 0xC7, 0xC7, 0x01, 0x00, 0x00, 0x00, 0x0F,
        0x05, b'G', b'A', b'T', b'E', b'_', b'A', b'C', b'3', b' ', b'g', b'e', b't', b'u', b'i',
        b'd', b'\n',
    ])
}

/// `vhangup()` must return `-ENOSYS`; then write `GATE_AC4 enosys\n`.
pub fn vhangup_enosys_elf_data() -> Vec<u8> {
    build_static_user_elf(&[
        0x48, 0xC7, 0xC0, 0x99, 0x00, 0x00, 0x00, 0x0F, 0x05, 0x48, 0x83, 0xF8, 0xDA, 0x0F, 0x85,
        0x2A, 0x00, 0x00, 0x00, 0x48, 0xC7, 0xC0, 0x01, 0x00, 0x00, 0x00, 0x48, 0xC7, 0xC7, 0x01,
        0x00, 0x00, 0x00, 0x48, 0x8D, 0x35, 0x25, 0x00, 0x00, 0x00, 0x48, 0xC7, 0xC2, 0x10, 0x00,
        0x00, 0x00, 0x0F, 0x05, 0x48, 0xC7, 0xC0, 0x3C, 0x00, 0x00, 0x00, 0x48, 0x31, 0xFF, 0x0F,
        0x05, 0x48, 0xC7, 0xC0, 0x3C, 0x00, 0x00, 0x00, 0x48, 0xC7, 0xC7, 0x01, 0x00, 0x00, 0x00,
        0x0F, 0x05, b'G', b'A', b'T', b'E', b'_', b'A', b'C', b'4', b' ', b'e', b'n', b'o', b's',
        b'y', b's', b'\n',
    ])
}

/// Write `xy`, `pwrite64` `z` at offset 1 without moving the fd offset,
/// then read `xz` and `GATE_AD2 pwrite64\n`.
pub fn pwrite64_userspace_elf_data() -> Vec<u8> {
    build_static_user_elf(&[
        0x48, 0x83, 0xEC, 0x20, 0x48, 0x8D, 0x3D, 0x0F, 0x01, 0x00, 0x00, 0x48, 0xC7, 0xC6, 0x42,
        0x00, 0x00, 0x00, 0x48, 0xC7, 0xC2, 0xA4, 0x01, 0x00, 0x00, 0x48, 0xC7, 0xC0, 0x02, 0x00,
        0x00, 0x00, 0x0F, 0x05, 0x48, 0x85, 0xC0, 0x0F, 0x88, 0xDF, 0x00, 0x00, 0x00, 0x48, 0x89,
        0xC3, 0x48, 0x89, 0xC7, 0x48, 0x8D, 0x35, 0xF0, 0x00, 0x00, 0x00, 0x48, 0xC7, 0xC2, 0x02,
        0x00, 0x00, 0x00, 0x48, 0xC7, 0xC0, 0x01, 0x00, 0x00, 0x00, 0x0F, 0x05, 0x48, 0x83, 0xF8,
        0x02, 0x0F, 0x85, 0xB8, 0x00, 0x00, 0x00, 0x48, 0x89, 0xDF, 0x48, 0x8D, 0x35, 0xCE, 0x00,
        0x00, 0x00, 0x48, 0xC7, 0xC2, 0x01, 0x00, 0x00, 0x00, 0x49, 0xC7, 0xC2, 0x01, 0x00, 0x00,
        0x00, 0x48, 0xC7, 0xC0, 0x12, 0x00, 0x00, 0x00, 0x0F, 0x05, 0x48, 0x83, 0xF8, 0x01, 0x0F,
        0x85, 0x8D, 0x00, 0x00, 0x00, 0x48, 0x89, 0xDF, 0x48, 0x31, 0xF6, 0x48, 0xC7, 0xC2, 0x01,
        0x00, 0x00, 0x00, 0x48, 0xC7, 0xC0, 0x08, 0x00, 0x00, 0x00, 0x0F, 0x05, 0x48, 0x83, 0xF8,
        0x02, 0x0F, 0x85, 0x6D, 0x00, 0x00, 0x00, 0x48, 0x89, 0xDF, 0x48, 0x31, 0xF6, 0x48, 0x31,
        0xD2, 0x48, 0xC7, 0xC0, 0x08, 0x00, 0x00, 0x00, 0x0F, 0x05, 0x48, 0x89, 0xDF, 0x48, 0x89,
        0xE6, 0x48, 0xC7, 0xC2, 0x02, 0x00, 0x00, 0x00, 0x48, 0x31, 0xC0, 0x0F, 0x05, 0x48, 0x83,
        0xF8, 0x02, 0x0F, 0x85, 0x3F, 0x00, 0x00, 0x00, 0x80, 0x3C, 0x24, 0x78, 0x0F, 0x85, 0x35,
        0x00, 0x00, 0x00, 0x80, 0x7C, 0x24, 0x01, 0x7A, 0x0F, 0x85, 0x2A, 0x00, 0x00, 0x00, 0x48,
        0xC7, 0xC0, 0x01, 0x00, 0x00, 0x00, 0x48, 0xC7, 0xC7, 0x01, 0x00, 0x00, 0x00, 0x48, 0x8D,
        0x35, 0x36, 0x00, 0x00, 0x00, 0x48, 0xC7, 0xC2, 0x12, 0x00, 0x00, 0x00, 0x0F, 0x05, 0x48,
        0xC7, 0xC0, 0x3C, 0x00, 0x00, 0x00, 0x48, 0x31, 0xFF, 0x0F, 0x05, 0x48, 0xC7, 0xC0, 0x3C,
        0x00, 0x00, 0x00, 0x48, 0xC7, 0xC7, 0x01, 0x00, 0x00, 0x00, 0x0F, 0x05, b'/', b't', b'm',
        b'p', b'/', b'g', b'a', b't', b'e', b'_', b'a', b'd', b'2', 0x00, b'x', b'y', b'z', b'G',
        b'A', b'T', b'E', b'_', b'A', b'D', b'2', b' ', b'p', b'w', b'r', b'i', b't', b'e', b'6',
        b'4', b'\n',
    ])
}

/// `getgid` is 1000 for a spawned Ring 3 task; then `GATE_AD3 getgid\n`.
pub fn getgid_userspace_elf_data() -> Vec<u8> {
    build_static_user_elf(&[
        0x48, 0xC7, 0xC0, 0x68, 0x00, 0x00, 0x00, 0x0F, 0x05, 0x48, 0x3D, 0xE8, 0x03, 0x00, 0x00,
        0x0F, 0x85, 0x2A, 0x00, 0x00, 0x00, 0x48, 0xC7, 0xC0, 0x01, 0x00, 0x00, 0x00, 0x48, 0xC7,
        0xC7, 0x01, 0x00, 0x00, 0x00, 0x48, 0x8D, 0x35, 0x25, 0x00, 0x00, 0x00, 0x48, 0xC7, 0xC2,
        0x10, 0x00, 0x00, 0x00, 0x0F, 0x05, 0x48, 0xC7, 0xC0, 0x3C, 0x00, 0x00, 0x00, 0x48, 0x31,
        0xFF, 0x0F, 0x05, 0x48, 0xC7, 0xC0, 0x3C, 0x00, 0x00, 0x00, 0x48, 0xC7, 0xC7, 0x01, 0x00,
        0x00, 0x00, 0x0F, 0x05, b'G', b'A', b'T', b'E', b'_', b'A', b'D', b'3', b' ', b'g', b'e',
        b't', b'g', b'i', b'd', b'\n',
    ])
}

/// `lookup_dcookie(0, 0, 0)` must return `-ENOSYS`; then write `GATE_AD4 enosys\n`.
pub fn lookup_dcookie_enosys_elf_data() -> Vec<u8> {
    build_static_user_elf(&[
        0x48, 0xC7, 0xC0, 0xD4, 0x00, 0x00, 0x00, 0x48, 0x31, 0xFF, 0x48, 0x31, 0xF6, 0x48, 0x31,
        0xD2, 0x0F, 0x05, 0x48, 0x83, 0xF8, 0xDA, 0x0F, 0x85, 0x2A, 0x00, 0x00, 0x00, 0x48, 0xC7,
        0xC0, 0x01, 0x00, 0x00, 0x00, 0x48, 0xC7, 0xC7, 0x01, 0x00, 0x00, 0x00, 0x48, 0x8D, 0x35,
        0x25, 0x00, 0x00, 0x00, 0x48, 0xC7, 0xC2, 0x10, 0x00, 0x00, 0x00, 0x0F, 0x05, 0x48, 0xC7,
        0xC0, 0x3C, 0x00, 0x00, 0x00, 0x48, 0x31, 0xFF, 0x0F, 0x05, 0x48, 0xC7, 0xC0, 0x3C, 0x00,
        0x00, 0x00, 0x48, 0xC7, 0xC7, 0x01, 0x00, 0x00, 0x00, 0x0F, 0x05, b'G', b'A', b'T', b'E',
        b'_', b'A', b'D', b'4', b' ', b'e', b'n', b'o', b's', b'y', b's', b'\n',
    ])
}

/// Write 8 bytes, `ftruncate` to 1, `statx` `stx_size == 1`; then
/// `GATE_AE2 ftruncate\n`.
pub fn ftruncate_userspace_elf_data() -> Vec<u8> {
    build_static_user_elf(&[
        0x48, 0x81, 0xEC, 0x20, 0x01, 0x00, 0x00, 0x48, 0x8D, 0x3D, 0xD6, 0x00, 0x00, 0x00, 0x48,
        0xC7, 0xC6, 0x42, 0x00, 0x00, 0x00, 0x48, 0xC7, 0xC2, 0xA4, 0x01, 0x00, 0x00, 0x48, 0xC7,
        0xC0, 0x02, 0x00, 0x00, 0x00, 0x0F, 0x05, 0x48, 0x85, 0xC0, 0x0F, 0x88, 0xA6, 0x00, 0x00,
        0x00, 0x48, 0x89, 0xC3, 0x48, 0x89, 0xDF, 0x48, 0x8D, 0x35, 0xB7, 0x00, 0x00, 0x00, 0x48,
        0xC7, 0xC2, 0x08, 0x00, 0x00, 0x00, 0x48, 0xC7, 0xC0, 0x01, 0x00, 0x00, 0x00, 0x0F, 0x05,
        0x48, 0x83, 0xF8, 0x08, 0x0F, 0x85, 0x7F, 0x00, 0x00, 0x00, 0x48, 0x89, 0xDF, 0x48, 0xC7,
        0xC6, 0x01, 0x00, 0x00, 0x00, 0x48, 0xC7, 0xC0, 0x4D, 0x00, 0x00, 0x00, 0x0F, 0x05, 0x48,
        0x85, 0xC0, 0x0F, 0x85, 0x63, 0x00, 0x00, 0x00, 0x48, 0xC7, 0xC7, 0x9C, 0xFF, 0xFF, 0xFF,
        0x48, 0x8D, 0x35, 0x65, 0x00, 0x00, 0x00, 0x48, 0x31, 0xD2, 0x49, 0xC7, 0xC2, 0xFF, 0x07,
        0x00, 0x00, 0x49, 0x89, 0xE0, 0x48, 0xC7, 0xC0, 0x4C, 0x01, 0x00, 0x00, 0x0F, 0x05, 0x48,
        0x85, 0xC0, 0x0F, 0x85, 0x36, 0x00, 0x00, 0x00, 0x48, 0x83, 0x7C, 0x24, 0x28, 0x01, 0x0F,
        0x85, 0x2A, 0x00, 0x00, 0x00, 0x48, 0xC7, 0xC0, 0x01, 0x00, 0x00, 0x00, 0x48, 0xC7, 0xC7,
        0x01, 0x00, 0x00, 0x00, 0x48, 0x8D, 0x35, 0x3B, 0x00, 0x00, 0x00, 0x48, 0xC7, 0xC2, 0x13,
        0x00, 0x00, 0x00, 0x0F, 0x05, 0x48, 0xC7, 0xC0, 0x3C, 0x00, 0x00, 0x00, 0x48, 0x31, 0xFF,
        0x0F, 0x05, 0x48, 0xC7, 0xC0, 0x3C, 0x00, 0x00, 0x00, 0x48, 0xC7, 0xC7, 0x01, 0x00, 0x00,
        0x00, 0x0F, 0x05, b'/', b't', b'm', b'p', b'/', b'g', b'a', b't', b'e', b'_', b'a', b'e',
        b'2', 0x00, b'x', b'x', b'x', b'x', b'x', b'x', b'x', b'x', b'G', b'A', b'T', b'E', b'_',
        b'A', b'E', b'2', b' ', b'f', b't', b'r', b'u', b'n', b'c', b'a', b't', b'e', b'\n',
    ])
}

/// `geteuid` is 0 for a boot Ring 3 task; then `GATE_AE3 geteuid\n`.
pub fn geteuid_userspace_elf_data() -> Vec<u8> {
    build_static_user_elf(&[
        0x48, 0xC7, 0xC0, 0x6B, 0x00, 0x00, 0x00, 0x0F, 0x05, 0x48, 0x85, 0xC0, 0x0F, 0x85, 0x2A,
        0x00, 0x00, 0x00, 0x48, 0xC7, 0xC0, 0x01, 0x00, 0x00, 0x00, 0x48, 0xC7, 0xC7, 0x01, 0x00,
        0x00, 0x00, 0x48, 0x8D, 0x35, 0x25, 0x00, 0x00, 0x00, 0x48, 0xC7, 0xC2, 0x11, 0x00, 0x00,
        0x00, 0x0F, 0x05, 0x48, 0xC7, 0xC0, 0x3C, 0x00, 0x00, 0x00, 0x48, 0x31, 0xFF, 0x0F, 0x05,
        0x48, 0xC7, 0xC0, 0x3C, 0x00, 0x00, 0x00, 0x48, 0xC7, 0xC7, 0x01, 0x00, 0x00, 0x00, 0x0F,
        0x05, b'G', b'A', b'T', b'E', b'_', b'A', b'E', b'3', b' ', b'g', b'e', b't', b'e', b'u',
        b'i', b'd', b'\n',
    ])
}

/// Write `xy`, `lseek` SET 1, `read` returns `y`; then `GATE_AF2 lseek\n`.
pub fn lseek_userspace_elf_data() -> Vec<u8> {
    build_static_user_elf(&[
        0x48, 0x83, 0xEC, 0x20, 0x48, 0x8D, 0x3D, 0xC7, 0x00, 0x00, 0x00, 0x48, 0xC7, 0xC6, 0x42,
        0x00, 0x00, 0x00, 0x48, 0xC7, 0xC2, 0xA4, 0x01, 0x00, 0x00, 0x48, 0xC7, 0xC0, 0x02, 0x00,
        0x00, 0x00, 0x0F, 0x05, 0x48, 0x85, 0xC0, 0x0F, 0x88, 0x97, 0x00, 0x00, 0x00, 0x48, 0x89,
        0xC3, 0x48, 0x89, 0xDF, 0x48, 0x8D, 0x35, 0xA8, 0x00, 0x00, 0x00, 0x48, 0xC7, 0xC2, 0x02,
        0x00, 0x00, 0x00, 0x48, 0xC7, 0xC0, 0x01, 0x00, 0x00, 0x00, 0x0F, 0x05, 0x48, 0x83, 0xF8,
        0x02, 0x0F, 0x85, 0x70, 0x00, 0x00, 0x00, 0x48, 0x89, 0xDF, 0x48, 0xC7, 0xC6, 0x01, 0x00,
        0x00, 0x00, 0x48, 0x31, 0xD2, 0x48, 0xC7, 0xC0, 0x08, 0x00, 0x00, 0x00, 0x0F, 0x05, 0x48,
        0x83, 0xF8, 0x01, 0x0F, 0x85, 0x50, 0x00, 0x00, 0x00, 0x48, 0x89, 0xDF, 0x48, 0x89, 0xE6,
        0x48, 0xC7, 0xC2, 0x01, 0x00, 0x00, 0x00, 0x48, 0x31, 0xC0, 0x0F, 0x05, 0x48, 0x83, 0xF8,
        0x01, 0x0F, 0x85, 0x34, 0x00, 0x00, 0x00, 0x80, 0x3C, 0x24, 0x79, 0x0F, 0x85, 0x2A, 0x00,
        0x00, 0x00, 0x48, 0xC7, 0xC0, 0x01, 0x00, 0x00, 0x00, 0x48, 0xC7, 0xC7, 0x01, 0x00, 0x00,
        0x00, 0x48, 0x8D, 0x35, 0x35, 0x00, 0x00, 0x00, 0x48, 0xC7, 0xC2, 0x0E, 0x00, 0x00, 0x00,
        0x0F, 0x05, 0x48, 0xC7, 0xC0, 0x3C, 0x00, 0x00, 0x00, 0x48, 0x31, 0xFF, 0x0F, 0x05, 0x48,
        0xC7, 0xC0, 0x3C, 0x00, 0x00, 0x00, 0x48, 0xC7, 0xC7, 0x01, 0x00, 0x00, 0x00, 0x0F, 0x05,
        b'/', b't', b'm', b'p', b'/', b'g', b'a', b't', b'e', b'_', b'a', b'f', b'2', 0x00, b'x',
        b'y', b'G', b'A', b'T', b'E', b'_', b'A', b'F', b'2', b' ', b'l', b's', b'e', b'e', b'k',
        b'\n',
    ])
}

/// `getegid` is 1000 for a spawned Ring 3 task; then `GATE_AF3 getegid\n`.
pub fn getegid_userspace_elf_data() -> Vec<u8> {
    build_static_user_elf(&[
        0x48, 0xC7, 0xC0, 0x6C, 0x00, 0x00, 0x00, 0x0F, 0x05, 0x48, 0x3D, 0xE8, 0x03, 0x00, 0x00,
        0x0F, 0x85, 0x2A, 0x00, 0x00, 0x00, 0x48, 0xC7, 0xC0, 0x01, 0x00, 0x00, 0x00, 0x48, 0xC7,
        0xC7, 0x01, 0x00, 0x00, 0x00, 0x48, 0x8D, 0x35, 0x25, 0x00, 0x00, 0x00, 0x48, 0xC7, 0xC2,
        0x11, 0x00, 0x00, 0x00, 0x0F, 0x05, 0x48, 0xC7, 0xC0, 0x3C, 0x00, 0x00, 0x00, 0x48, 0x31,
        0xFF, 0x0F, 0x05, 0x48, 0xC7, 0xC0, 0x3C, 0x00, 0x00, 0x00, 0x48, 0xC7, 0xC7, 0x01, 0x00,
        0x00, 0x00, 0x0F, 0x05, b'G', b'A', b'T', b'E', b'_', b'A', b'F', b'3', b' ', b'g', b'e',
        b't', b'e', b'g', b'i', b'd', b'\n',
    ])
}

/// `uselib(0)` must return `-ENOSYS`; then write `GATE_AF4 enosys\n`.
pub fn uselib_enosys_elf_data() -> Vec<u8> {
    build_static_user_elf(&[
        0x48, 0xC7, 0xC0, 0x86, 0x00, 0x00, 0x00, 0x48, 0x31, 0xFF, 0x0F, 0x05, 0x48, 0x83, 0xF8,
        0xDA, 0x0F, 0x85, 0x2A, 0x00, 0x00, 0x00, 0x48, 0xC7, 0xC0, 0x01, 0x00, 0x00, 0x00, 0x48,
        0xC7, 0xC7, 0x01, 0x00, 0x00, 0x00, 0x48, 0x8D, 0x35, 0x25, 0x00, 0x00, 0x00, 0x48, 0xC7,
        0xC2, 0x10, 0x00, 0x00, 0x00, 0x0F, 0x05, 0x48, 0xC7, 0xC0, 0x3C, 0x00, 0x00, 0x00, 0x48,
        0x31, 0xFF, 0x0F, 0x05, 0x48, 0xC7, 0xC0, 0x3C, 0x00, 0x00, 0x00, 0x48, 0xC7, 0xC7, 0x01,
        0x00, 0x00, 0x00, 0x0F, 0x05, b'G', b'A', b'T', b'E', b'_', b'A', b'F', b'4', b' ', b'e',
        b'n', b'o', b's', b'y', b's', b'\n',
    ])
}

/// Write `x`, `fdatasync`; then `GATE_AG2 fdatasync\n`.
pub fn fdatasync_userspace_elf_data() -> Vec<u8> {
    build_static_user_elf(&[
        0x48, 0x83, 0xEC, 0x20, 0x48, 0x8D, 0x3D, 0x96, 0x00, 0x00, 0x00, 0x48, 0xC7, 0xC6, 0x42,
        0x00, 0x00, 0x00, 0x48, 0xC7, 0xC2, 0xA4, 0x01, 0x00, 0x00, 0x48, 0xC7, 0xC0, 0x02, 0x00,
        0x00, 0x00, 0x0F, 0x05, 0x48, 0x85, 0xC0, 0x0F, 0x88, 0x66, 0x00, 0x00, 0x00, 0x48, 0x89,
        0xC3, 0x48, 0x89, 0xDF, 0x48, 0x8D, 0x35, 0x77, 0x00, 0x00, 0x00, 0x48, 0xC7, 0xC2, 0x01,
        0x00, 0x00, 0x00, 0x48, 0xC7, 0xC0, 0x01, 0x00, 0x00, 0x00, 0x0F, 0x05, 0x48, 0x83, 0xF8,
        0x01, 0x0F, 0x85, 0x3F, 0x00, 0x00, 0x00, 0x48, 0x89, 0xDF, 0x48, 0xC7, 0xC0, 0x4B, 0x00,
        0x00, 0x00, 0x0F, 0x05, 0x48, 0x85, 0xC0, 0x0F, 0x85, 0x2A, 0x00, 0x00, 0x00, 0x48, 0xC7,
        0xC0, 0x01, 0x00, 0x00, 0x00, 0x48, 0xC7, 0xC7, 0x01, 0x00, 0x00, 0x00, 0x48, 0x8D, 0x35,
        0x34, 0x00, 0x00, 0x00, 0x48, 0xC7, 0xC2, 0x13, 0x00, 0x00, 0x00, 0x0F, 0x05, 0x48, 0xC7,
        0xC0, 0x3C, 0x00, 0x00, 0x00, 0x48, 0x31, 0xFF, 0x0F, 0x05, 0x48, 0xC7, 0xC0, 0x3C, 0x00,
        0x00, 0x00, 0x48, 0xC7, 0xC7, 0x01, 0x00, 0x00, 0x00, 0x0F, 0x05, b'/', b't', b'm', b'p',
        b'/', b'g', b'a', b't', b'e', b'_', b'a', b'g', b'2', 0x00, b'x', b'G', b'A', b'T', b'E',
        b'_', b'A', b'G', b'2', b' ', b'f', b'd', b'a', b't', b'a', b's', b'y', b'n', b'c', b'\n',
    ])
}

/// `getppid` is non-zero for a spawned Ring 3 task; then `GATE_AG3 getppid\n`.
pub fn getppid_userspace_elf_data() -> Vec<u8> {
    build_static_user_elf(&[
        0x48, 0xC7, 0xC0, 0x6E, 0x00, 0x00, 0x00, 0x0F, 0x05, 0x48, 0x85, 0xC0, 0x0F, 0x84, 0x2A,
        0x00, 0x00, 0x00, 0x48, 0xC7, 0xC0, 0x01, 0x00, 0x00, 0x00, 0x48, 0xC7, 0xC7, 0x01, 0x00,
        0x00, 0x00, 0x48, 0x8D, 0x35, 0x25, 0x00, 0x00, 0x00, 0x48, 0xC7, 0xC2, 0x10, 0x00, 0x00,
        0x00, 0x0F, 0x05, 0x48, 0xC7, 0xC0, 0x3C, 0x00, 0x00, 0x00, 0x48, 0x31, 0xFF, 0x0F, 0x05,
        0x48, 0xC7, 0xC0, 0x3C, 0x00, 0x00, 0x00, 0x48, 0xC7, 0xC7, 0x01, 0x00, 0x00, 0x00, 0x0F,
        0x05, b'G', b'A', b'T', b'E', b'_', b'A', b'G', b'3', b' ', b'g', b'e', b't', b'p', b'p',
        b'i', b'd', b'\n',
    ])
}

/// `pkey_alloc(0, 0)` must return `-ENOSYS`; then write `GATE_AG4 enosys\n`.
pub fn pkey_alloc_enosys_elf_data() -> Vec<u8> {
    build_static_user_elf(&[
        0x48, 0xC7, 0xC0, 0x4A, 0x01, 0x00, 0x00, 0x48, 0x31, 0xFF, 0x48, 0x31, 0xF6, 0x0F, 0x05,
        0x48, 0x83, 0xF8, 0xDA, 0x0F, 0x85, 0x2A, 0x00, 0x00, 0x00, 0x48, 0xC7, 0xC0, 0x01, 0x00,
        0x00, 0x00, 0x48, 0xC7, 0xC7, 0x01, 0x00, 0x00, 0x00, 0x48, 0x8D, 0x35, 0x25, 0x00, 0x00,
        0x00, 0x48, 0xC7, 0xC2, 0x10, 0x00, 0x00, 0x00, 0x0F, 0x05, 0x48, 0xC7, 0xC0, 0x3C, 0x00,
        0x00, 0x00, 0x48, 0x31, 0xFF, 0x0F, 0x05, 0x48, 0xC7, 0xC0, 0x3C, 0x00, 0x00, 0x00, 0x48,
        0xC7, 0xC7, 0x01, 0x00, 0x00, 0x00, 0x0F, 0x05, b'G', b'A', b'T', b'E', b'_', b'A', b'G',
        b'4', b' ', b'e', b'n', b'o', b's', b'y', b's', b'\n',
    ])
}

/// Write `x`, `sync`; then `GATE_AH2 sync\n`.
pub fn sync_userspace_elf_data() -> Vec<u8> {
    build_static_user_elf(&[
        0x48, 0x83, 0xEC, 0x20, 0x48, 0x8D, 0x3D, 0x96, 0x00, 0x00, 0x00, 0x48, 0xC7, 0xC6, 0x42,
        0x00, 0x00, 0x00, 0x48, 0xC7, 0xC2, 0xA4, 0x01, 0x00, 0x00, 0x48, 0xC7, 0xC0, 0x02, 0x00,
        0x00, 0x00, 0x0F, 0x05, 0x48, 0x85, 0xC0, 0x0F, 0x88, 0x66, 0x00, 0x00, 0x00, 0x48, 0x89,
        0xC3, 0x48, 0x89, 0xDF, 0x48, 0x8D, 0x35, 0x77, 0x00, 0x00, 0x00, 0x48, 0xC7, 0xC2, 0x01,
        0x00, 0x00, 0x00, 0x48, 0xC7, 0xC0, 0x01, 0x00, 0x00, 0x00, 0x0F, 0x05, 0x48, 0x83, 0xF8,
        0x01, 0x0F, 0x85, 0x3F, 0x00, 0x00, 0x00, 0x48, 0x89, 0xDF, 0x48, 0xC7, 0xC0, 0xA2, 0x00,
        0x00, 0x00, 0x0F, 0x05, 0x48, 0x85, 0xC0, 0x0F, 0x85, 0x2A, 0x00, 0x00, 0x00, 0x48, 0xC7,
        0xC0, 0x01, 0x00, 0x00, 0x00, 0x48, 0xC7, 0xC7, 0x01, 0x00, 0x00, 0x00, 0x48, 0x8D, 0x35,
        0x34, 0x00, 0x00, 0x00, 0x48, 0xC7, 0xC2, 0x0D, 0x00, 0x00, 0x00, 0x0F, 0x05, 0x48, 0xC7,
        0xC0, 0x3C, 0x00, 0x00, 0x00, 0x48, 0x31, 0xFF, 0x0F, 0x05, 0x48, 0xC7, 0xC0, 0x3C, 0x00,
        0x00, 0x00, 0x48, 0xC7, 0xC7, 0x01, 0x00, 0x00, 0x00, 0x0F, 0x05, b'/', b't', b'm', b'p',
        b'/', b'g', b'a', b't', b'e', b'_', b'a', b'h', b'2', 0x00, b'x', b'G', b'A', b'T', b'E',
        b'_', b'A', b'H', b'2', b' ', b's', b'y', b'n', b'c', b'\n',
    ])
}

/// `getpgid(0)` is non-zero for a spawned Ring 3 task; then `GATE_AH3 getpgid\n`.
pub fn getpgid_userspace_elf_data() -> Vec<u8> {
    build_static_user_elf(&[
        0x48, 0xC7, 0xC0, 0x79, 0x00, 0x00, 0x00, 0x48, 0x31, 0xFF, 0x0F, 0x05, 0x48, 0x85, 0xC0,
        0x0F, 0x88, 0x2A, 0x00, 0x00, 0x00, 0x48, 0xC7, 0xC0, 0x01, 0x00, 0x00, 0x00, 0x48, 0xC7,
        0xC7, 0x01, 0x00, 0x00, 0x00, 0x48, 0x8D, 0x35, 0x25, 0x00, 0x00, 0x00, 0x48, 0xC7, 0xC2,
        0x10, 0x00, 0x00, 0x00, 0x0F, 0x05, 0x48, 0xC7, 0xC0, 0x3C, 0x00, 0x00, 0x00, 0x48, 0x31,
        0xFF, 0x0F, 0x05, 0x48, 0xC7, 0xC0, 0x3C, 0x00, 0x00, 0x00, 0x48, 0xC7, 0xC7, 0x01, 0x00,
        0x00, 0x00, 0x0F, 0x05, b'G', b'A', b'T', b'E', b'_', b'A', b'H', b'3', b' ', b'g', b'e',
        b't', b'p', b'g', b'i', b'd', b'\n',
    ])
}

/// `pkey_mprotect(0, 0, 0, 0)` must return `-ENOSYS`; then write `GATE_AH4 enosys\n`.
pub fn pkey_mprotect_enosys_elf_data() -> Vec<u8> {
    build_static_user_elf(&[
        0x48, 0xC7, 0xC0, 0x49, 0x01, 0x00, 0x00, 0x48, 0x31, 0xFF, 0x48, 0x31, 0xF6, 0x48, 0x31,
        0xD2, 0x4D, 0x31, 0xD2, 0x0F, 0x05, 0x48, 0x83, 0xF8, 0xDA, 0x0F, 0x85, 0x2A, 0x00, 0x00,
        0x00, 0x48, 0xC7, 0xC0, 0x01, 0x00, 0x00, 0x00, 0x48, 0xC7, 0xC7, 0x01, 0x00, 0x00, 0x00,
        0x48, 0x8D, 0x35, 0x25, 0x00, 0x00, 0x00, 0x48, 0xC7, 0xC2, 0x10, 0x00, 0x00, 0x00, 0x0F,
        0x05, 0x48, 0xC7, 0xC0, 0x3C, 0x00, 0x00, 0x00, 0x48, 0x31, 0xFF, 0x0F, 0x05, 0x48, 0xC7,
        0xC0, 0x3C, 0x00, 0x00, 0x00, 0x48, 0xC7, 0xC7, 0x01, 0x00, 0x00, 0x00, 0x0F, 0x05, b'G',
        b'A', b'T', b'E', b'_', b'A', b'H', b'4', b' ', b'e', b'n', b'o', b's', b'y', b's', b'\n',
    ])
}

/// Create `/tmp/gate_ai2`, `fchown` to uid/gid 1000, `statx` `stx_uid == 1000`;
/// then `GATE_AI2 fchown\n`.
pub fn fchown_userspace_elf_data() -> Vec<u8> {
    build_static_user_elf(&[
        0x48, 0x81, 0xEC, 0x20, 0x01, 0x00, 0x00, 0x48, 0x8D, 0x3D, 0xBB, 0x00, 0x00, 0x00, 0x48,
        0xC7, 0xC6, 0x42, 0x00, 0x00, 0x00, 0x48, 0xC7, 0xC2, 0xA4, 0x01, 0x00, 0x00, 0x48, 0xC7,
        0xC0, 0x02, 0x00, 0x00, 0x00, 0x0F, 0x05, 0x48, 0x85, 0xC0, 0x0F, 0x88, 0x8B, 0x00, 0x00,
        0x00, 0x48, 0x89, 0xC3, 0x48, 0x89, 0xDF, 0x48, 0xC7, 0xC6, 0xE8, 0x03, 0x00, 0x00, 0x48,
        0xC7, 0xC2, 0xE8, 0x03, 0x00, 0x00, 0x48, 0xC7, 0xC0, 0x5D, 0x00, 0x00, 0x00, 0x0F, 0x05,
        0x48, 0x85, 0xC0, 0x0F, 0x85, 0x65, 0x00, 0x00, 0x00, 0x48, 0xC7, 0xC7, 0x9C, 0xFF, 0xFF,
        0xFF, 0x48, 0x8D, 0x35, 0x67, 0x00, 0x00, 0x00, 0x48, 0x31, 0xD2, 0x49, 0xC7, 0xC2, 0xFF,
        0x07, 0x00, 0x00, 0x49, 0x89, 0xE0, 0x48, 0xC7, 0xC0, 0x4C, 0x01, 0x00, 0x00, 0x0F, 0x05,
        0x48, 0x85, 0xC0, 0x0F, 0x85, 0x38, 0x00, 0x00, 0x00, 0x81, 0x7C, 0x24, 0x14, 0xE8, 0x03,
        0x00, 0x00, 0x0F, 0x85, 0x2A, 0x00, 0x00, 0x00, 0x48, 0xC7, 0xC0, 0x01, 0x00, 0x00, 0x00,
        0x48, 0xC7, 0xC7, 0x01, 0x00, 0x00, 0x00, 0x48, 0x8D, 0x35, 0x33, 0x00, 0x00, 0x00, 0x48,
        0xC7, 0xC2, 0x10, 0x00, 0x00, 0x00, 0x0F, 0x05, 0x48, 0xC7, 0xC0, 0x3C, 0x00, 0x00, 0x00,
        0x48, 0x31, 0xFF, 0x0F, 0x05, 0x48, 0xC7, 0xC0, 0x3C, 0x00, 0x00, 0x00, 0x48, 0xC7, 0xC7,
        0x01, 0x00, 0x00, 0x00, 0x0F, 0x05, b'/', b't', b'm', b'p', b'/', b'g', b'a', b't', b'e',
        b'_', b'a', b'i', b'2', 0x00, b'G', b'A', b'T', b'E', b'_', b'A', b'I', b'2', b' ', b'f',
        b'c', b'h', b'o', b'w', b'n', b'\n',
    ])
}

/// `getsid(0)` is non-zero for a spawned Ring 3 task; then `GATE_AI3 getsid\n`.
pub fn getsid_userspace_elf_data() -> Vec<u8> {
    build_static_user_elf(&[
        0x48, 0xC7, 0xC0, 0x7C, 0x00, 0x00, 0x00, 0x48, 0x31, 0xFF, 0x0F, 0x05, 0x48, 0x85, 0xC0,
        0x0F, 0x88, 0x2A, 0x00, 0x00, 0x00, 0x48, 0xC7, 0xC0, 0x01, 0x00, 0x00, 0x00, 0x48, 0xC7,
        0xC7, 0x01, 0x00, 0x00, 0x00, 0x48, 0x8D, 0x35, 0x25, 0x00, 0x00, 0x00, 0x48, 0xC7, 0xC2,
        0x0F, 0x00, 0x00, 0x00, 0x0F, 0x05, 0x48, 0xC7, 0xC0, 0x3C, 0x00, 0x00, 0x00, 0x48, 0x31,
        0xFF, 0x0F, 0x05, 0x48, 0xC7, 0xC0, 0x3C, 0x00, 0x00, 0x00, 0x48, 0xC7, 0xC7, 0x01, 0x00,
        0x00, 0x00, 0x0F, 0x05, b'G', b'A', b'T', b'E', b'_', b'A', b'I', b'3', b' ', b'g', b'e',
        b't', b's', b'i', b'd', b'\n',
    ])
}

/// `pkey_free(0)` must return `-ENOSYS`; then write `GATE_AI4 enosys\n`.
pub fn pkey_free_enosys_elf_data() -> Vec<u8> {
    build_static_user_elf(&[
        0x48, 0xC7, 0xC0, 0x4B, 0x01, 0x00, 0x00, 0x48, 0x31, 0xFF, 0x0F, 0x05, 0x48, 0x83, 0xF8,
        0xDA, 0x0F, 0x85, 0x2A, 0x00, 0x00, 0x00, 0x48, 0xC7, 0xC0, 0x01, 0x00, 0x00, 0x00, 0x48,
        0xC7, 0xC7, 0x01, 0x00, 0x00, 0x00, 0x48, 0x8D, 0x35, 0x25, 0x00, 0x00, 0x00, 0x48, 0xC7,
        0xC2, 0x10, 0x00, 0x00, 0x00, 0x0F, 0x05, 0x48, 0xC7, 0xC0, 0x3C, 0x00, 0x00, 0x00, 0x48,
        0x31, 0xFF, 0x0F, 0x05, 0x48, 0xC7, 0xC0, 0x3C, 0x00, 0x00, 0x00, 0x48, 0xC7, 0xC7, 0x01,
        0x00, 0x00, 0x00, 0x0F, 0x05, b'G', b'A', b'T', b'E', b'_', b'A', b'I', b'4', b' ', b'e',
        b'n', b'o', b's', b'y', b's', b'\n',
    ])
}

/// `memfd_secret(0)` must return `-ENOSYS`; then write `GATE_AE4 enosys\n`.
pub fn memfd_secret_enosys_elf_data() -> Vec<u8> {
    build_static_user_elf(&[
        0x48, 0xC7, 0xC0, 0xBF, 0x01, 0x00, 0x00, 0x48, 0x31, 0xFF, 0x48, 0x31, 0xF6, 0x0F, 0x05,
        0x48, 0x83, 0xF8, 0xDA, 0x0F, 0x85, 0x2A, 0x00, 0x00, 0x00, 0x48, 0xC7, 0xC0, 0x01, 0x00,
        0x00, 0x00, 0x48, 0xC7, 0xC7, 0x01, 0x00, 0x00, 0x00, 0x48, 0x8D, 0x35, 0x25, 0x00, 0x00,
        0x00, 0x48, 0xC7, 0xC2, 0x10, 0x00, 0x00, 0x00, 0x0F, 0x05, 0x48, 0xC7, 0xC0, 0x3C, 0x00,
        0x00, 0x00, 0x48, 0x31, 0xFF, 0x0F, 0x05, 0x48, 0xC7, 0xC0, 0x3C, 0x00, 0x00, 0x00, 0x48,
        0xC7, 0xC7, 0x01, 0x00, 0x00, 0x00, 0x0F, 0x05, b'G', b'A', b'T', b'E', b'_', b'A', b'E',
        b'4', b' ', b'e', b'n', b'o', b's', b'y', b's', b'\n',
    ])
}

/// `iopl(0)` must return `-ENOSYS`; then write `GATE_X4 enosys\n`.
pub fn iopl_enosys_elf_data() -> Vec<u8> {
    build_static_user_elf(&[
        0x48, 0xC7, 0xC0, 0xAC, 0x00, 0x00, 0x00, 0x48, 0x31, 0xFF, 0x0F, 0x05, 0x48, 0x83, 0xF8,
        0xDA, 0x75, 0x2A, 0x48, 0xC7, 0xC0, 0x01, 0x00, 0x00, 0x00, 0x48, 0xC7, 0xC7, 0x01, 0x00,
        0x00, 0x00, 0x48, 0x8D, 0x35, 0x25, 0x00, 0x00, 0x00, 0x48, 0xC7, 0xC2, 0x0F, 0x00, 0x00,
        0x00, 0x0F, 0x05, 0x48, 0xC7, 0xC0, 0x3C, 0x00, 0x00, 0x00, 0x48, 0x31, 0xFF, 0x0F, 0x05,
        0x48, 0xC7, 0xC0, 0x3C, 0x00, 0x00, 0x00, 0x48, 0xC7, 0xC7, 0x01, 0x00, 0x00, 0x00, 0x0F,
        0x05, b'G', b'A', b'T', b'E', b'_', b'X', b'4', b' ', b'e', b'n', b'o', b's', b'y', b's',
        b'\n',
    ])
}

/// `ioperm(0, 0, 0)` must return `-ENOSYS`; then write `GATE_W4 enosys\n`.
pub fn ioperm_enosys_elf_data() -> Vec<u8> {
    build_static_user_elf(&[
        0x48, 0xC7, 0xC0, 0xAD, 0x00, 0x00, 0x00, 0x48, 0x31, 0xFF, 0x48, 0x31, 0xF6, 0x48, 0x31,
        0xD2, 0x0F, 0x05, 0x48, 0x83, 0xF8, 0xDA, 0x75, 0x2A, 0x48, 0xC7, 0xC0, 0x01, 0x00, 0x00,
        0x00, 0x48, 0xC7, 0xC7, 0x01, 0x00, 0x00, 0x00, 0x48, 0x8D, 0x35, 0x25, 0x00, 0x00, 0x00,
        0x48, 0xC7, 0xC2, 0x0F, 0x00, 0x00, 0x00, 0x0F, 0x05, 0x48, 0xC7, 0xC0, 0x3C, 0x00, 0x00,
        0x00, 0x48, 0x31, 0xFF, 0x0F, 0x05, 0x48, 0xC7, 0xC0, 0x3C, 0x00, 0x00, 0x00, 0x48, 0xC7,
        0xC7, 0x01, 0x00, 0x00, 0x00, 0x0F, 0x05, b'G', b'A', b'T', b'E', b'_', b'W', b'4', b' ',
        b'e', b'n', b'o', b's', b'y', b's', b'\n',
    ])
}

/// `keyctl(0, 0)` must return `-ENOSYS`; then write `GATE_V4 enosys\n`.
pub fn keyctl_enosys_elf_data() -> Vec<u8> {
    build_static_user_elf(&[
        0x48, 0xC7, 0xC0, 0xFA, 0x00, 0x00, 0x00, 0x48, 0x31, 0xFF, 0x48, 0x31, 0xF6, 0x0F, 0x05,
        0x48, 0x83, 0xF8, 0xDA, 0x75, 0x2A, 0x48, 0xC7, 0xC0, 0x01, 0x00, 0x00, 0x00, 0x48, 0xC7,
        0xC7, 0x01, 0x00, 0x00, 0x00, 0x48, 0x8D, 0x35, 0x25, 0x00, 0x00, 0x00, 0x48, 0xC7, 0xC2,
        0x0F, 0x00, 0x00, 0x00, 0x0F, 0x05, 0x48, 0xC7, 0xC0, 0x3C, 0x00, 0x00, 0x00, 0x48, 0x31,
        0xFF, 0x0F, 0x05, 0x48, 0xC7, 0xC0, 0x3C, 0x00, 0x00, 0x00, 0x48, 0xC7, 0xC7, 0x01, 0x00,
        0x00, 0x00, 0x0F, 0x05, b'G', b'A', b'T', b'E', b'_', b'V', b'4', b' ', b'e', b'n', b'o',
        b's', b'y', b's', b'\n',
    ])
}

/// `pipe` + `vmsplice` user byte into the write end, read it back, then
/// `GATE_T3 vmsplice\n`.
pub fn vmsplice_userspace_elf_data() -> Vec<u8> {
    build_static_user_elf(&[
        0x48, 0x83, 0xEC, 0x40, 0x48, 0x89, 0xE7, 0x48, 0xC7, 0xC0, 0x16, 0x00, 0x00, 0x00, 0x0F,
        0x05, 0x48, 0x85, 0xC0, 0x0F, 0x88, 0x8E, 0x00, 0x00, 0x00, 0x48, 0x8D, 0x05, 0x97, 0x00,
        0x00, 0x00, 0x48, 0x89, 0x44, 0x24, 0x10, 0x48, 0xC7, 0x44, 0x24, 0x18, 0x01, 0x00, 0x00,
        0x00, 0x8B, 0x7C, 0x24, 0x04, 0x48, 0x8D, 0x74, 0x24, 0x10, 0x48, 0xC7, 0xC2, 0x01, 0x00,
        0x00, 0x00, 0x4D, 0x31, 0xD2, 0x48, 0xC7, 0xC0, 0x16, 0x01, 0x00, 0x00, 0x0F, 0x05, 0x48,
        0x83, 0xF8, 0x01, 0x0F, 0x85, 0x53, 0x00, 0x00, 0x00, 0x8B, 0x3C, 0x24, 0x48, 0x8D, 0x74,
        0x24, 0x20, 0x48, 0xC7, 0xC2, 0x01, 0x00, 0x00, 0x00, 0x48, 0x31, 0xC0, 0x0F, 0x05, 0x48,
        0x83, 0xF8, 0x01, 0x0F, 0x85, 0x35, 0x00, 0x00, 0x00, 0x80, 0x7C, 0x24, 0x20, 0x78, 0x0F,
        0x85, 0x2A, 0x00, 0x00, 0x00, 0x48, 0xC7, 0xC0, 0x01, 0x00, 0x00, 0x00, 0x48, 0xC7, 0xC7,
        0x01, 0x00, 0x00, 0x00, 0x48, 0x8D, 0x35, 0x26, 0x00, 0x00, 0x00, 0x48, 0xC7, 0xC2, 0x11,
        0x00, 0x00, 0x00, 0x0F, 0x05, 0x48, 0xC7, 0xC0, 0x3C, 0x00, 0x00, 0x00, 0x48, 0x31, 0xFF,
        0x0F, 0x05, 0x48, 0xC7, 0xC0, 0x3C, 0x00, 0x00, 0x00, 0x48, 0xC7, 0xC7, 0x01, 0x00, 0x00,
        0x00, 0x0F, 0x05, b'x', b'G', b'A', b'T', b'E', b'_', b'T', b'3', b' ', b'v', b'm', b's',
        b'p', b'l', b'i', b'c', b'e', b'\n',
    ])
}

/// `mount_setattr(0, 0)` must return `-ENOSYS`; then write `GATE_T4 enosys\n`.
pub fn mount_setattr_enosys_elf_data() -> Vec<u8> {
    build_static_user_elf(&[
        0x48, 0xC7, 0xC0, 0xBA, 0x01, 0x00, 0x00, 0x48, 0x31, 0xFF, 0x48, 0x31, 0xF6, 0x0F, 0x05,
        0x48, 0x83, 0xF8, 0xDA, 0x75, 0x2A, 0x48, 0xC7, 0xC0, 0x01, 0x00, 0x00, 0x00, 0x48, 0xC7,
        0xC7, 0x01, 0x00, 0x00, 0x00, 0x48, 0x8D, 0x35, 0x25, 0x00, 0x00, 0x00, 0x48, 0xC7, 0xC2,
        0x0F, 0x00, 0x00, 0x00, 0x0F, 0x05, 0x48, 0xC7, 0xC0, 0x3C, 0x00, 0x00, 0x00, 0x48, 0x31,
        0xFF, 0x0F, 0x05, 0x48, 0xC7, 0xC0, 0x3C, 0x00, 0x00, 0x00, 0x48, 0xC7, 0xC7, 0x01, 0x00,
        0x00, 0x00, 0x0F, 0x05, b'G', b'A', b'T', b'E', b'_', b'T', b'4', b' ', b'e', b'n', b'o',
        b's', b'y', b's', b'\n',
    ])
}

/// Magic RBX the Gate I2 spinner loads before `jmp $`.
pub const SPIN_RBX_MAGIC: u64 = 0x0123_4567_89AB_CDEF;

/// Infinite `jmp $` — never syscalls, so only a timer can switch it out.
/// Loads a distinctive RBX so IRQ preemption can prove GPR save (Gate I2).
pub fn spin_userspace_elf_data() -> Vec<u8> {
    // mov rbx, SPIN_RBX_MAGIC; jmp $
    // Do not `sti` here: Ring 3 STI #GPs unless IOPL=3.
    build_static_user_elf(&[
        0x48, 0xBB, 0xEF, 0xCD, 0xAB, 0x89, 0x67, 0x45, 0x23, 0x01, // mov rbx, magic
        0xEB, 0xFE, // jmp $
    ])
}

/// Write `ap ran\n` after `getcpu`, then `exit(0)`.
///
/// Gate I3 pins this to CPU 1; the kernel records which CPU handled `getcpu`.
pub fn ap_ring3_elf_data() -> Vec<u8> {
    build_static_user_elf(&[
        0x48, 0x83, 0xEC, 0x10, // sub rsp, 16
        0x31, 0xF6, // xor esi, esi
        0x31, 0xD2, // xor edx, edx
        0x48, 0x8D, 0x3C, 0x24, // lea rdi, [rsp]
        0x48, 0xC7, 0xC0, 0x35, 0x01, 0x00, 0x00, // mov rax, 309 (getcpu)
        0x0F, 0x05, // syscall
        0x48, 0xC7, 0xC0, 0x01, 0x00, 0x00, 0x00, // mov rax, 1
        0x48, 0xC7, 0xC7, 0x01, 0x00, 0x00, 0x00, // mov rdi, 1
        0x48, 0x8D, 0x35, 0x15, 0x00, 0x00, 0x00, // lea rsi, [rip+0x15]
        0x48, 0xC7, 0xC2, 0x07, 0x00, 0x00, 0x00, // mov rdx, 7
        0x0F, 0x05, // syscall
        0x48, 0xC7, 0xC0, 0x3C, 0x00, 0x00, 0x00, // mov rax, 60
        0x48, 0x31, 0xFF, // xor rdi, rdi
        0x0F, 0x05, // syscall
        b'a', b'p', b' ', b'r', b'a', b'n', b'\n',
    ])
}
pub fn preempt_writer_elf_data() -> Vec<u8> {
    build_static_user_elf(&[
        0x48, 0xC7, 0xC0, 0x01, 0x00, 0x00, 0x00, // mov rax, 1
        0x48, 0xC7, 0xC7, 0x01, 0x00, 0x00, 0x00, // mov rdi, 1
        0x48, 0x8D, 0x35, 0x15, 0x00, 0x00, 0x00, // lea rsi, [rip+0x15]
        0x48, 0xC7, 0xC2, 0x13, 0x00, 0x00, 0x00, // mov rdx, 19
        0x0F, 0x05, // syscall
        0x48, 0xC7, 0xC0, 0x3C, 0x00, 0x00, 0x00, // mov rax, 60
        0x48, 0x31, 0xFF, // xor rdi, rdi
        0x0F, 0x05, // syscall
        b'p', b'r', b'e', b'e', b'm', b'p', b't', b' ', b'w', b'r', b'i', b't', b'e', b'r', b' ',
        b'r', b'a', b'n', b'\n',
    ])
}

/// `pause()` then `exit(1)` if it ever returns.
pub fn pause_userspace_elf_data() -> Vec<u8> {
    build_static_user_elf(&[
        0x48, 0xC7, 0xC0, 0x22, 0x00, 0x00, 0x00, // mov rax, 34
        0x0F, 0x05, // syscall
        0x48, 0xC7, 0xC0, 0x3C, 0x00, 0x00, 0x00, // mov rax, 60
        0x48, 0xC7, 0xC7, 0x01, 0x00, 0x00, 0x00, // mov rdi, 1
        0x0F, 0x05, // syscall
    ])
}

/// `mov rax, [0]` — #PF in Ring 3, delivered as SIGSEGV.
pub fn segfault_userspace_elf_data() -> Vec<u8> {
    build_static_user_elf(&[
        0x48, 0x8B, 0x04, 0x25, 0x00, 0x00, 0x00, 0x00, // mov rax, [0]
    ])
}

/// Gate D1: two UDP sockets, bind 127.0.0.1:4242, sendto "ping", recvfrom, write marker.
pub fn loopback_userspace_elf_data() -> Vec<u8> {
    build_static_user_elf(&[
        0x48, 0xC7, 0xC0, 0x29, 0x00, 0x00, 0x00, 0x48, 0xC7, 0xC7, 0x02, 0x00, 0x00, 0x00, 0x48,
        0xC7, 0xC6, 0x02, 0x00, 0x00, 0x00, 0x48, 0x31, 0xD2, 0x0F, 0x05, 0x48, 0x85, 0xC0, 0x0F,
        0x88, 0xFA, 0x00, 0x00, 0x00, 0x49, 0x89, 0xC4, 0x48, 0xC7, 0xC0, 0x29, 0x00, 0x00, 0x00,
        0x48, 0xC7, 0xC7, 0x02, 0x00, 0x00, 0x00, 0x48, 0xC7, 0xC6, 0x02, 0x00, 0x00, 0x00, 0x48,
        0x31, 0xD2, 0x0F, 0x05, 0x48, 0x85, 0xC0, 0x0F, 0x88, 0xD4, 0x00, 0x00, 0x00, 0x49, 0x89,
        0xC5, 0x48, 0x83, 0xEC, 0x20, 0x66, 0xC7, 0x04, 0x24, 0x02, 0x00, 0x66, 0xC7, 0x44, 0x24,
        0x02, 0x10, 0x92, 0xC7, 0x44, 0x24, 0x04, 0x7F, 0x00, 0x00, 0x01, 0x48, 0xC7, 0x44, 0x24,
        0x08, 0x00, 0x00, 0x00, 0x00, 0x48, 0xC7, 0xC0, 0x31, 0x00, 0x00, 0x00, 0x4C, 0x89, 0xEF,
        0x48, 0x89, 0xE6, 0x48, 0xC7, 0xC2, 0x10, 0x00, 0x00, 0x00, 0x0F, 0x05, 0x48, 0x85, 0xC0,
        0x0F, 0x88, 0x90, 0x00, 0x00, 0x00, 0x48, 0xC7, 0xC0, 0x2C, 0x00, 0x00, 0x00, 0x4C, 0x89,
        0xE7, 0x48, 0x8D, 0x35, 0x8F, 0x00, 0x00, 0x00, 0x48, 0xC7, 0xC2, 0x04, 0x00, 0x00, 0x00,
        0x4D, 0x31, 0xD2, 0x49, 0x89, 0xE0, 0x49, 0xC7, 0xC1, 0x10, 0x00, 0x00, 0x00, 0x0F, 0x05,
        0x48, 0x83, 0xF8, 0x04, 0x0F, 0x85, 0x5F, 0x00, 0x00, 0x00, 0x48, 0xC7, 0xC0, 0x2D, 0x00,
        0x00, 0x00, 0x4C, 0x89, 0xEF, 0x48, 0x8D, 0x74, 0x24, 0x10, 0x48, 0xC7, 0xC2, 0x08, 0x00,
        0x00, 0x00, 0x4D, 0x31, 0xD2, 0x4D, 0x31, 0xC0, 0x4D, 0x31, 0xC9, 0x0F, 0x05, 0x48, 0x83,
        0xF8, 0x04, 0x0F, 0x85, 0x34, 0x00, 0x00, 0x00, 0x81, 0x7C, 0x24, 0x10, 0x70, 0x69, 0x6E,
        0x67, 0x0F, 0x85, 0x26, 0x00, 0x00, 0x00, 0x48, 0xC7, 0xC0, 0x01, 0x00, 0x00, 0x00, 0x48,
        0xC7, 0xC7, 0x01, 0x00, 0x00, 0x00, 0x48, 0x8D, 0x35, 0x25, 0x00, 0x00, 0x00, 0x48, 0xC7,
        0xC2, 0x1A, 0x00, 0x00, 0x00, 0x0F, 0x05, 0x48, 0x31, 0xFF, 0xE9, 0x07, 0x00, 0x00, 0x00,
        0x48, 0xC7, 0xC7, 0x01, 0x00, 0x00, 0x00, 0x48, 0xC7, 0xC0, 0x3C, 0x00, 0x00, 0x00, 0x0F,
        0x05, 0x70, 0x69, 0x6E, 0x67, 0x47, 0x41, 0x54, 0x45, 0x5F, 0x44, 0x31, 0x20, 0x6C, 0x6F,
        0x6F, 0x70, 0x62, 0x61, 0x63, 0x6B, 0x20, 0x63, 0x6F, 0x6D, 0x70, 0x6C, 0x65, 0x74, 0x65,
        0x0A,
    ])
}

/// Minimal `/bin/sh`: print `$ `, read stdin (EOF → exit), echo, loop.
/// Loaded at the same high vaddr as the other Gate B ELFs so it does not
/// share L4[0] with any kernel identity map.
pub fn sh_userspace_elf_data() -> Vec<u8> {
    build_static_user_elf(&[
        0x48, 0xC7, 0xC0, 0x01, 0x00, 0x00, 0x00, // mov rax, 1
        0x48, 0xC7, 0xC7, 0x01, 0x00, 0x00, 0x00, // mov rdi, 1
        0x48, 0x8D, 0x35, 0x55, 0x00, 0x00, 0x00, // lea rsi, [rip+0x55] ; "$ "
        0x48, 0xC7, 0xC2, 0x02, 0x00, 0x00, 0x00, // mov rdx, 2
        0x0F, 0x05, // syscall
        0x48, 0xC7, 0xC0, 0x00, 0x00, 0x00, 0x00, // mov rax, 0
        0x48, 0x31, 0xFF, // xor rdi, rdi
        0x48, 0x8D, 0xB4, 0x24, 0x00, 0xFF, 0xFF, 0xFF, // lea rsi, [rsp-0x100]
        0x48, 0xC7, 0xC2, 0xFF, 0x00, 0x00, 0x00, // mov rdx, 255
        0x0F, 0x05, // syscall
        0x48, 0x85, 0xC0, // test rax, rax
        0x7E, 0x20, // jle exit
        0x49, 0x89, 0xC0, // mov r8, rax
        0x48, 0xC7, 0xC0, 0x01, 0x00, 0x00, 0x00, // mov rax, 1
        0x48, 0xC7, 0xC7, 0x01, 0x00, 0x00, 0x00, // mov rdi, 1
        0x48, 0x8D, 0xB4, 0x24, 0x00, 0xFF, 0xFF, 0xFF, // lea rsi, [rsp-0x100]
        0x4C, 0x89, 0xC2, // mov rdx, r8
        0x0F, 0x05, // syscall
        0xEB, 0xA2, // jmp prompt
        0x48, 0xC7, 0xC0, 0x3C, 0x00, 0x00, 0x00, // mov rax, 60
        0x48, 0x31, 0xFF, // xor rdi, rdi
        0x0F, 0x05, // syscall
        b'$', b' ',
    ])
}

/// Gate B7: `rt_sigaction(SIGINT, handler)` then `pause`. Handler invokes
/// `rt_sigreturn` from RX ELF text (the stack is W^X); then the program writes
/// the marker.
pub fn sigreturn_userspace_elf_data() -> Vec<u8> {
    // lea handler offset: insn at 0x1A, next at 0x21, handler at 0x87 → 0x66
    // lea marker offset: insn at 0x62, next at 0x69, marker at 0x90 → 0x27
    // js fail: insn at 0x45, next at 0x4B, fail at 0x77 → 0x2C
    build_static_user_elf(&[
        0x48, 0x83, 0xEC, 0x20, // sub rsp, 32
        0x48, 0x31, 0xC0, // xor rax, rax
        0x48, 0x89, 0x04, 0x24, // mov [rsp], rax
        0x48, 0x89, 0x44, 0x24, 0x08, // mov [rsp+8], rax
        0x48, 0x89, 0x44, 0x24, 0x10, // mov [rsp+16], rax
        0x48, 0x89, 0x44, 0x24, 0x18, // mov [rsp+24], rax
        0x48, 0x8D, 0x05, 0x66, 0x00, 0x00, 0x00, // lea rax, [rip+handler]
        0x48, 0x89, 0x04, 0x24, // mov [rsp], rax
        0x48, 0xC7, 0xC0, 0x0D, 0x00, 0x00, 0x00, // mov rax, 13 (rt_sigaction)
        0x48, 0xC7, 0xC7, 0x02, 0x00, 0x00, 0x00, // mov rdi, 2 (SIGINT)
        0x48, 0x89, 0xE6, // mov rsi, rsp
        0x48, 0x31, 0xD2, // xor rdx, rdx
        0x49, 0xC7, 0xC2, 0x08, 0x00, 0x00, 0x00, // mov r10, 8
        0x0F, 0x05, // syscall
        0x48, 0x85, 0xC0, // test rax, rax
        0x0F, 0x88, 0x2C, 0x00, 0x00, 0x00, // js fail
        0x48, 0xC7, 0xC0, 0x22, 0x00, 0x00, 0x00, // mov rax, 34 (pause)
        0x0F, 0x05, // syscall
        0x48, 0xC7, 0xC0, 0x01, 0x00, 0x00, 0x00, // mov rax, 1
        0x48, 0xC7, 0xC7, 0x01, 0x00, 0x00, 0x00, // mov rdi, 1
        0x48, 0x8D, 0x35, 0x27, 0x00, 0x00, 0x00, // lea rsi, [rip+marker]
        0x48, 0xC7, 0xC2, 0x1B, 0x00, 0x00, 0x00, // mov rdx, 27
        0x0F, 0x05, // syscall
        0x48, 0x31, 0xFF, // xor rdi, rdi
        0xEB, 0x07, // jmp exit
        0x48, 0xC7, 0xC7, 0x01, 0x00, 0x00, 0x00, // fail: mov rdi, 1
        0x48, 0xC7, 0xC0, 0x3C, 0x00, 0x00, 0x00, // exit: mov rax, 60
        0x0F, 0x05, // syscall
        0x48, 0xC7, 0xC0, 0x0F, 0x00, 0x00, 0x00, // handler: mov rax, 15
        0x0F, 0x05, // syscall (rt_sigreturn)
        b'G', b'A', b'T', b'E', b'_', b'B', b'7', b' ', b's', b'i', b'g', b'r', b'e', b't', b'u',
        b'r', b'n', b' ', b'c', b'o', b'm', b'p', b'l', b'e', b't', b'e', b'\n',
    ])
}

/// Gate F1: mmap a 64×64 BGRA buffer, fill a magic pixel, ioctl(/dev/wl0) present.
pub fn display_client_elf_data() -> Vec<u8> {
    shm_present_client_elf(0xFFC0_FFEE, b"GATE_F1 client isolated\n")
}

/// Gate F3: same SHM present path, dark terminal pixels, isolated from
/// `WindowContentType::Terminal`.
pub fn terminal_client_elf_data() -> Vec<u8> {
    shm_present_client_elf(0xFF1A_1A1A, b"GATE_F3 terminal isolated\n")
}

/// Gate F4: userspace launcher client (Paint) via SHM, not an Empty stub.
pub fn launcher_client_elf_data() -> Vec<u8> {
    shm_present_client_elf(0xFF33_66CC, b"GATE_F4 launcher userspace\n")
}

/// mmap + fill + ioctl(/dev/wl0) + write marker. Layout matches the Gate F1
/// RIP offsets; only the fill dword and marker string/length change.
fn shm_present_client_elf(fill: u32, marker: &[u8]) -> Vec<u8> {
    let f = fill.to_le_bytes();
    let n = (marker.len() as u32).to_le_bytes();
    let mut code = alloc::vec![
        0x48, 0xC7, 0xC0, 0x09, 0x00, 0x00, 0x00, // mov rax, 9 (mmap)
        0x48, 0x31, 0xFF, // xor rdi, rdi
        0x48, 0xC7, 0xC6, 0x00, 0x40, 0x00, 0x00, // mov rsi, 0x4000
        0x48, 0xC7, 0xC2, 0x03, 0x00, 0x00, 0x00, // mov rdx, 3
        0x49, 0xC7, 0xC2, 0x22, 0x80, 0x00, 0x00, // mov r10, 0x8022
        0x49, 0xC7, 0xC0, 0xFF, 0xFF, 0xFF, 0xFF, // mov r8, -1
        0x4D, 0x31, 0xC9, // xor r9, r9
        0x0F, 0x05, // syscall
        0x48, 0x85, 0xC0, // test rax, rax
        0x0F, 0x88, 0x7C, 0x00, 0x00, 0x00, // js fail
        0x49, 0x89, 0xC4, // mov r12, rax
        0x4C, 0x89, 0xE7, // mov rdi, r12
        0x48, 0xC7, 0xC1, 0x00, 0x10, 0x00, 0x00, // mov rcx, 0x1000
        0xB8, f[0], f[1], f[2], f[3], // mov eax, fill
        0xF3, 0xAB, // rep stosd
        0x48, 0xC7, 0xC0, 0x02, 0x00, 0x00, 0x00, // mov rax, 2 (open)
        0x48, 0x8D, 0x3D, 0x6A, 0x00, 0x00, 0x00, // lea rdi, [rip+path]
        0x48, 0xC7, 0xC6, 0x02, 0x00, 0x00, 0x00, // mov rsi, 2
        0x48, 0x31, 0xD2, // xor rdx, rdx
        0x0F, 0x05, // syscall
        0x48, 0x85, 0xC0, // test rax, rax
        0x0F, 0x88, 0x45, 0x00, 0x00, 0x00, // js fail
        0x49, 0x89, 0xC5, // mov r13, rax
        0x48, 0xC7, 0xC0, 0x10, 0x00, 0x00, 0x00, // mov rax, 16 (ioctl)
        0x4C, 0x89, 0xEF, // mov rdi, r13
        0x48, 0xC7, 0xC6, 0x01, 0x00, 0x4C, 0x57, // mov rsi, 0x574C0001
        0x4C, 0x89, 0xE2, // mov rdx, r12
        0x0F, 0x05, // syscall
        0x48, 0x85, 0xC0, // test rax, rax
        0x0F, 0x88, 0x23, 0x00, 0x00, 0x00, // js fail
        0x48, 0xC7, 0xC0, 0x01, 0x00, 0x00, 0x00, // mov rax, 1
        0x48, 0xC7, 0xC7, 0x01, 0x00, 0x00, 0x00, // mov rdi, 1
        0x48, 0x8D, 0x35, 0x27, 0x00, 0x00, 0x00, // lea rsi, [rip+marker]
        0x48, 0xC7, 0xC2, n[0], n[1], n[2], n[3], // mov rdx, marker.len
        0x0F, 0x05, // syscall
        0x48, 0x31, 0xFF, // xor rdi, rdi
        0xEB, 0x07, // jmp exit
        0x48, 0xC7, 0xC7, 0x01, 0x00, 0x00, 0x00, // fail: mov rdi, 1
        0x48, 0xC7, 0xC0, 0x3C, 0x00, 0x00, 0x00, // exit: mov rax, 60
        0x0F, 0x05, // syscall
        b'/', b'd', b'e', b'v', b'/', b'w', b'l', b'0', 0, // path
    ];
    code.extend_from_slice(marker);
    build_static_user_elf(&code)
}

fn launch_hello_userspace() -> Result<(), &'static str> {
    let elf = hello_userspace_elf_data();
    if !crate::elf::is_elf(&elf) {
        return Err("hello ELF is invalid");
    }
    serial_println!(
        "[init] Mapping static hello ELF ({} bytes) into current page tables",
        elf.len()
    );
    let (entry, rsp) = crate::vmm::map_static_elf_into_current(&elf)?;
    serial_println!("[init] hello mapped: entry={:#x} rsp={:#x}", entry, rsp);
    unsafe {
        crate::usermode::run_userspace_once(entry, rsp);
    }
    Ok(())
}

/// Try to load /init from the filesystem or initramfs
fn find_init_binary() -> Option<Vec<u8>> {
    // Try initramfs (cpio) first
    for path in INIT_PATHS {
        if let Some(data) = crate::cpio::read_file(path) {
            serial_println!("[init] Found {} in initramfs ({} bytes)", path, data.len());
            return Some(data);
        }
    }

    // Try VFS
    for path in INIT_PATHS {
        let vfs = crate::vfs::VFS.lock();
        if let Some(ino) = vfs.resolve_path(path) {
            if let Some(inode) = vfs.get_inode(ino) {
                if !inode.data.is_empty() && crate::elf::is_elf(&inode.data) {
                    serial_println!("[init] Found {} in VFS ({} bytes)", path, inode.data.len());
                    return Some(inode.data.clone());
                }
            }
        }
    }

    None
}

/// Start the first user-space program.
///
/// Gate B2: map a static hello ELF into the current page tables, `iretq` to
/// Ring 3, `sys_write` to serial, `sys_exit` back to the kernel.
/// Gate B3–B6: scheduled tasks with their own CR3 — `execve`+`waitpid`,
/// `fork`+child, SIGKILL / SIGSEGV / PTY SIGINT, then `/bin/sh` on a PTY.
/// Gate B7: custom SIGINT handler + live `rt_sigreturn`.
/// Gate B8: timer preempts a spinning Ring 3 program that never syscalls.
/// Gate D1: loopback `send`/`recv` from a Ring 3 UDP pair.
/// Gate F1/F2: Ring 3 SHM client presents a buffer the compositor scans out.
/// Gate K1: `clone(CLONE_THREAD)` + live `thread_join`.
/// Gate K3: `/sbin/init` `iretq`s, writes its banner, and parks in `wait4`.
pub fn start_init() -> Option<Pid> {
    serial_println!("[init] Starting first userspace (Gate B2 hello)...");

    match launch_hello_userspace() {
        Ok(()) => {
            serial_println!("[init] Ring 3 hello returned to kernel");
        }
        Err(e) => {
            serial_println!("[init] Ring 3 hello failed: {}", e);
        }
    }

    crate::user_task::run_gate_demos();

    None
}

/// Initialize init process module
pub fn init() {
    serial_println!("[KnoxOS] Init process launcher ready");
}
